Resistance,Frequency_Hz,Vs_Vpp_Run1,VR_Vpp_Run1,Gain_Run1,Run_Run1,Vs_Vpp_Run2,VR_Vpp_Run2,Gain_Run2,Run_Run2,Gain_Diff,Abs_Gain_Diff,Relative_Gain_Diff_Percent,Vs_Diff,VR_Diff,Suspicious
22,1000,2.06,0.076,0.036893203883495145,1,2.06,0.08,0.038834951456310676,2,0.0019417475728155317,0.0019417475728155317,5.263157894736836,0.0,0.0040000000000000036,False
22,1500,2.02,0.128,0.06336633663366337,1,1.98,0.128,0.06464646464646465,2,0.0012801280128012793,0.0012801280128012793,2.020202020202019,-0.040000000000000036,0.0,False
22,2000,1.9,0.204,0.10736842105263157,1,1.88,0.204,0.10851063829787234,2,0.001142217245240773,0.001142217245240773,1.0638297872340534,-0.020000000000000018,0.0,False
22,2300,1.77,0.264,0.14915254237288136,1,1.74,0.266,0.15287356321839082,2,0.0037210208455094596,0.0037210208455094596,2.494775339602933,-0.030000000000000027,0.0020000000000000018,False
22,2500,1.62,0.314,0.19382716049382714,1,1.61,0.316,0.19627329192546583,2,0.0024461314316386873,0.0024461314316386873,1.2620168532658196,-0.010000000000000009,0.0020000000000000018,False
22,2600,1.52,0.344,0.2263157894736842,1,1.52,0.346,0.2276315789473684,2,0.0013157894736842146,0.0013157894736842146,0.5813953488372111,0.0,0.0020000000000000018,False
22,2700,1.42,0.364,0.2563380281690141,1,1.41,0.368,0.26099290780141843,2,0.004654879632404352,0.004654879632404352,1.8159145818720275,-0.010000000000000009,0.0040000000000000036,False
22,2800,1.3,0.388,0.29846153846153844,1,1.3,0.392,0.30153846153846153,2,0.003076923076923088,0.003076923076923088,1.0309278350515503,0.0,0.0040000000000000036,False
22,2850,1.24,0.402,0.3241935483870968,1,1.24,0.404,0.3258064516129032,2,0.001612903225806428,0.001612903225806428,0.49751243781093796,0.0,0.0020000000000000018,False
22,2900,1.2,0.408,0.33999999999999997,1,1.19,0.41,0.3445378151260504,2,0.0045378151260504485,0.0045378151260504485,1.3346515076618968,-0.010000000000000009,0.0020000000000000018,False
22,2950,1.16,0.416,0.3586206896551724,1,1.14,0.416,0.3649122807017544,2,0.006291591046582001,0.006291591046582001,1.7543859649122888,-0.020000000000000018,0.0,False
22,3000,1.14,0.418,0.3666666666666667,1,1.12,0.418,0.37321428571428567,2,0.006547619047618969,0.006547619047618969,1.785714285714264,-0.019999999999999796,0.0,False
22,3025,1.1,0.42,0.3818181818181818,1,1.1,0.42,0.3818181818181818,2,0.0,0.0,0.0,0.0,0.0,False
22,3050,1.1,0.424,0.38545454545454544,1,1.1,0.422,0.3836363636363636,2,-0.0018181818181818299,0.0018181818181818299,0.47169811320755023,0.0,-0.0020000000000000018,False
22,3075,1.09,0.426,0.39082568807339446,1,1.1,0.424,0.38545454545454544,2,-0.005371142618849023,0.005371142618849023,1.3743064447289755,0.010000000000000009,-0.0020000000000000018,False
22,3100,1.08,0.426,0.39444444444444443,1,1.1,0.424,0.38545454545454544,2,-0.008989898989898992,0.008989898989898992,2.279129321382843,0.020000000000000018,-0.0020000000000000018,False
22,3125,1.08,0.426,0.39444444444444443,1,1.1,0.424,0.38545454545454544,2,-0.008989898989898992,0.008989898989898992,2.279129321382843,0.020000000000000018,-0.0020000000000000018,False
22,3150,1.09,0.424,0.38899082568807336,1,1.1,0.424,0.38545454545454544,2,-0.003536280233527922,0.003536280233527922,0.9090909090909045,0.010000000000000009,0.0,False
22,3175,1.1,0.424,0.38545454545454544,1,1.1,0.422,0.3836363636363636,2,-0.0018181818181818299,0.0018181818181818299,0.47169811320755023,0.0,-0.0020000000000000018,False
22,3200,1.1,0.422,0.3836363636363636,1,1.1,0.42,0.3818181818181818,2,-0.0018181818181818299,0.0018181818181818299,0.4739336492891026,0.0,-0.0020000000000000018,False
22,3225,1.11,0.42,0.37837837837837834,1,1.1,0.418,0.37999999999999995,2,0.001621621621621605,0.001621621621621605,0.4285714285714242,-0.010000000000000009,-0.0020000000000000018,False
22,3250,1.12,0.418,0.37321428571428567,1,1.12,0.416,0.3714285714285714,2,-0.0017857142857142794,0.0017857142857142794,0.4784688995215295,0.0,-0.0020000000000000018,False
22,3275,1.14,0.416,0.3649122807017544,1,1.14,0.416,0.3649122807017544,2,0.0,0.0,0.0,0.0,0.0,False
22,3300,1.14,0.416,0.3649122807017544,1,1.14,0.412,0.36140350877192984,2,-0.0035087719298245723,0.0035087719298245723,0.9615384615384645,0.0,-0.0040000000000000036,False
22,3325,1.16,0.412,0.35517241379310344,1,1.17,0.41,0.3504273504273504,2,-0.004745063365753033,0.004745063365753033,1.3359887146294946,0.010000000000000009,-0.0020000000000000018,False
22,3350,1.18,0.41,0.3474576271186441,1,1.18,0.408,0.34576271186440677,2,-0.001694915254237317,0.001694915254237317,0.48780487804878875,0.0,-0.0020000000000000018,False
22,3375,1.21,0.408,0.3371900826446281,1,1.19,0.404,0.33949579831932775,2,0.002305715674699671,0.002305715674699671,0.6838029329378926,-0.020000000000000018,-0.003999999999999948,False
22,3400,1.22,0.404,0.3311475409836066,1,1.22,0.404,0.3311475409836066,2,0.0,0.0,0.0,0.0,0.0,False
22,3450,1.26,0.392,0.3111111111111111,1,1.26,0.392,0.3111111111111111,2,0.0,0.0,0.0,0.0,0.0,False
22,3500,1.3,0.39,0.3,1,1.3,0.384,0.29538461538461536,2,-0.004615384615384632,0.004615384615384632,1.538461538461544,0.0,-0.006000000000000005,False
22,3600,1.38,0.372,0.26956521739130435,1,1.38,0.368,0.26666666666666666,2,-0.002898550724637683,0.002898550724637683,1.0752688172043017,0.0,-0.0040000000000000036,False
22,3800,1.5,0.334,0.22266666666666668,1,1.44,0.328,0.2277777777777778,2,0.005111111111111122,0.005111111111111122,2.2954091816367312,-0.06000000000000005,-0.006000000000000005,False
22,4000,1.62,0.306,0.18888888888888888,1,1.62,0.304,0.1876543209876543,2,-0.001234567901234579,0.001234567901234579,0.653594771241836,0.0,-0.0020000000000000018,False
22,4500,1.76,0.244,0.13863636363636364,1,1.78,0.244,0.13707865168539327,2,-0.0015577119509703752,0.0015577119509703752,1.1235955056179756,0.020000000000000018,0.0,False
22,5000,1.86,0.204,0.1096774193548387,1,1.86,0.202,0.1086021505376344,2,-0.0010752688172042946,0.0010752688172042946,0.9803921568627393,0.0,-0.001999999999999974,False
47,1000,2.06,0.144,0.06990291262135921,1,2.06,0.162,0.07864077669902912,2,0.00873786407766991,0.00873786407766991,12.500000000000012,0.0,0.018000000000000016,True
47,1500,1.98,0.224,0.11313131313131314,1,1.98,0.266,0.13434343434343435,2,0.02121212121212121,0.02121212121212121,18.749999999999996,0.0,0.04200000000000001,True
47,2000,1.84,0.344,0.1869565217391304,1,1.86,0.36,0.1935483870967742,2,0.006591865357643778,0.006591865357643778,3.5258814703676027,0.020000000000000018,0.016000000000000014,False
47,2300,1.7,0.44,0.25882352941176473,1,1.74,0.444,0.25517241379310346,2,-0.0036511156186612714,0.0036511156186612714,1.4106583072100365,0.040000000000000036,0.0040000000000000036,False
47,2500,1.58,0.504,0.3189873417721519,1,1.62,0.504,0.3111111111111111,2,-0.007876230661040762,0.007876230661040762,2.4691358024691277,0.040000000000000036,0.0,False
47,2600,1.52,0.536,0.35263157894736846,1,1.54,0.54,0.35064935064935066,2,-0.0019822282980178074,0.0019822282980178074,0.5621244427214677,0.020000000000000018,0.0040000000000000036,False
47,2700,1.46,0.56,0.3835616438356165,1,1.46,0.568,0.3890410958904109,2,0.0054794520547944425,0.0054794520547944425,1.4285714285714082,0.0,0.007999999999999896,False
47,2800,1.38,0.584,0.42318840579710143,1,1.38,0.592,0.4289855072463768,2,0.005797101449275366,0.005797101449275366,1.369863013698631,0.0,0.008000000000000007,False
47,2850,1.35,0.592,0.4385185185185185,1,1.34,0.6,0.4477611940298507,2,0.009242675511332232,0.009242675511332232,2.1077047196450196,-0.010000000000000009,0.008000000000000007,False
47,2900,1.32,0.6,0.45454545454545453,1,1.33,0.608,0.45714285714285713,2,0.0025974025974025983,0.0025974025974025983,0.5714285714285716,0.010000000000000009,0.008000000000000007,False
47,2950,1.3,0.608,0.4676923076923077,1,1.3,0.616,0.4738461538461538,2,0.006153846153846121,0.006153846153846121,1.3157894736842035,0.0,0.008000000000000007,False
47,3000,1.27,0.616,0.48503937007874015,1,1.28,0.624,0.4875,2,0.002460629921259838,0.002460629921259838,0.5073051948051939,0.010000000000000009,0.008000000000000007,False
47,3025,1.26,0.616,0.4888888888888889,1,1.26,0.624,0.49523809523809526,2,0.006349206349206382,0.006349206349206382,1.2987012987013056,0.0,0.008000000000000007,False
47,3050,1.26,0.616,0.4888888888888889,1,1.26,0.624,0.49523809523809526,2,0.006349206349206382,0.006349206349206382,1.2987012987013056,0.0,0.008000000000000007,False
47,3075,1.26,0.62,0.49206349206349204,1,1.26,0.624,0.49523809523809526,2,0.003174603174603219,0.003174603174603219,0.6451612903225896,0.0,0.0040000000000000036,False
47,3100,1.26,0.62,0.49206349206349204,1,1.26,0.624,0.49523809523809526,2,0.003174603174603219,0.003174603174603219,0.6451612903225896,0.0,0.0040000000000000036,False
47,3125,1.26,0.616,0.4888888888888889,1,1.26,0.624,0.49523809523809526,2,0.006349206349206382,0.006349206349206382,1.2987012987013056,0.0,0.008000000000000007,False
47,3150,1.26,0.616,0.4888888888888889,1,1.26,0.628,0.4984126984126984,2,0.009523809523809545,0.009523809523809545,1.9480519480519525,0.0,0.01200000000000001,False
47,3175,1.26,0.616,0.4888888888888889,1,1.26,0.624,0.49523809523809526,2,0.006349206349206382,0.006349206349206382,1.2987012987013056,0.0,0.008000000000000007,False
47,3200,1.26,0.616,0.4888888888888889,1,1.26,0.624,0.49523809523809526,2,0.006349206349206382,0.006349206349206382,1.2987012987013056,0.0,0.008000000000000007,False
47,3225,1.26,0.616,0.4888888888888889,1,1.26,0.624,0.49523809523809526,2,0.006349206349206382,0.006349206349206382,1.2987012987013056,0.0,0.008000000000000007,False
47,3250,1.27,0.616,0.48503937007874015,1,1.26,0.62,0.49206349206349204,2,0.007024121984751885,0.007024121984751885,1.4481550195835868,-0.010000000000000009,0.0040000000000000036,False
47,3275,1.28,0.612,0.47812499999999997,1,1.26,0.616,0.4888888888888889,2,0.010763888888888906,0.010763888888888906,2.2512708787218627,-0.020000000000000018,0.0040000000000000036,False
47,3300,1.29,0.608,0.47131782945736433,1,1.26,0.616,0.4888888888888889,2,0.01757105943152454,0.01757105943152454,3.7280701754385945,-0.030000000000000027,0.008000000000000007,False
47,3325,1.3,0.608,0.4676923076923077,1,1.28,0.616,0.48125,2,0.013557692307692326,0.013557692307692326,2.89884868421053,-0.020000000000000018,0.008000000000000007,False
47,3350,1.3,0.608,0.4676923076923077,1,1.3,0.608,0.4676923076923077,2,0.0,0.0,0.0,0.0,0.0,False
47,3375,1.3,0.6,0.4615384615384615,1,1.3,0.604,0.4646153846153846,2,0.003076923076923088,0.003076923076923088,0.6666666666666692,0.0,0.0040000000000000036,False
47,3400,1.3,0.592,0.45538461538461533,1,1.3,0.604,0.4646153846153846,2,0.009230769230769265,0.009230769230769265,2.0270270270270347,0.0,0.01200000000000001,False
47,3450,1.34,0.588,0.43880597014925365,1,1.32,0.596,0.4515151515151515,2,0.012709181365897826,0.012709181365897826,2.8963100391671923,-0.020000000000000018,0.008000000000000007,False
47,3500,1.38,0.584,0.42318840579710143,1,1.34,0.592,0.44179104477611936,2,0.018602638979017927,0.018602638979017927,4.395829073809031,-0.039999999999999813,0.008000000000000007,False
47,3600,1.42,0.568,0.39999999999999997,1,1.38,0.568,0.4115942028985507,2,0.011594202898550732,0.011594202898550732,2.8985507246376834,-0.040000000000000036,0.0,False
47,3800,1.5,0.52,0.3466666666666667,1,1.5,0.532,0.3546666666666667,2,0.008000000000000007,0.008000000000000007,2.3076923076923097,0.0,0.01200000000000001,False
47,4000,1.59,0.488,0.3069182389937107,1,1.58,0.488,0.30886075949367087,2,0.0019425204999601875,0.0019425204999601875,0.6329113924050611,-0.010000000000000009,0.0,False
47,4500,1.74,0.392,0.22528735632183908,1,1.74,0.4,0.2298850574712644,2,0.004597701149425315,0.004597701149425315,2.0408163265306247,0.0,0.008000000000000007,False
47,5000,1.82,0.328,0.18021978021978022,1,1.82,0.344,0.18901098901098898,2,0.00879120879120876,0.00879120879120876,4.878048780487788,0.0,0.01599999999999996,False
100,1000,2.04,0.312,0.15294117647058822,1,2.02,0.304,0.1504950495049505,2,-0.0024461269656377294,0.0024461269656377294,1.5993907083015924,-0.020000000000000018,-0.008000000000000007,False
100,1500,1.94,0.472,0.24329896907216494,1,1.94,0.456,0.2350515463917526,2,-0.008247422680412342,0.008247422680412342,3.389830508474564,0.0,-0.01599999999999996,False
100,2000,1.82,0.656,0.36043956043956044,1,1.82,0.648,0.35604395604395606,2,-0.00439560439560438,0.00439560439560438,1.219512195121947,0.0,-0.008000000000000007,False
100,2300,1.7,0.776,0.45647058823529413,1,1.7,0.768,0.45176470588235296,2,-0.004705882352941171,0.004705882352941171,1.0309278350515452,0.0,-0.008000000000000007,False
100,2500,1.62,0.84,0.5185185185185185,1,1.64,0.84,0.5121951219512195,2,-0.006323396567298967,0.006323396567298967,1.2195121951219436,0.019999999999999796,0.0,False
100,2600,1.6,0.872,0.5449999999999999,1,1.58,0.868,0.5493670886075949,2,0.004367088607594938,0.004367088607594938,0.8013006619440254,-0.020000000000000018,-0.0040000000000000036,False
100,2700,1.56,0.896,0.5743589743589743,1,1.54,0.896,0.5818181818181818,2,0.007459207459207473,0.007459207459207473,1.2987012987013011,-0.020000000000000018,0.0,False
100,2800,1.54,0.92,0.5974025974025974,1,1.5,0.912,0.608,2,0.010597402597402605,0.010597402597402605,1.7739130434782622,-0.040000000000000036,-0.008000000000000007,False
100,2850,1.52,0.928,0.6105263157894737,1,1.5,0.92,0.6133333333333334,2,0.0028070175438597023,0.0028070175438597023,0.45977011494253744,-0.020000000000000018,-0.008000000000000007,False
100,2900,1.5,0.936,0.624,1,1.5,0.932,0.6213333333333334,2,-0.002666666666666595,0.002666666666666595,0.4273504273504159,0.0,-0.0040000000000000036,False
100,2950,1.5,0.944,0.6293333333333333,1,1.5,0.936,0.624,2,-0.005333333333333301,0.005333333333333301,0.847457627118639,0.0,-0.007999999999999896,False
100,3000,1.49,0.948,0.636241610738255,1,1.5,0.944,0.6293333333333333,2,-0.0069082774049217255,0.0069082774049217255,1.0857946554149125,0.010000000000000009,-0.0040000000000000036,False
100,3025,1.49,0.952,0.6389261744966442,1,1.49,0.944,0.6335570469798657,2,-0.005369127516778538,0.005369127516778538,0.8403361344537839,0.0,-0.008000000000000007,False
100,3050,1.48,0.952,0.6432432432432432,1,1.46,0.944,0.6465753424657534,2,0.0033320992225102097,0.0033320992225102097,0.5180154253482259,-0.020000000000000018,-0.008000000000000007,False
100,3075,1.47,0.952,0.6476190476190476,1,1.46,0.948,0.6493150684931507,2,0.0016960208741030325,0.0016960208741030325,0.26188557614826236,-0.010000000000000009,-0.0040000000000000036,False
100,3100,1.47,0.952,0.6476190476190476,1,1.46,0.948,0.6493150684931507,2,0.0016960208741030325,0.0016960208741030325,0.26188557614826236,-0.010000000000000009,-0.0040000000000000036,False
100,3125,1.48,0.952,0.6432432432432432,1,1.46,0.948,0.6493150684931507,2,0.006071825249907459,0.006071825249907459,0.9439392195234285,-0.020000000000000018,-0.0040000000000000036,False
100,3150,1.48,0.952,0.6432432432432432,1,1.46,0.95,0.6506849315068493,2,0.007441688263606028,0.007441688263606028,1.1569011166110212,-0.020000000000000018,-0.0020000000000000018,False
100,3175,1.48,0.952,0.6432432432432432,1,1.46,0.95,0.6506849315068493,2,0.007441688263606028,0.007441688263606028,1.1569011166110212,-0.020000000000000018,-0.0020000000000000018,False
100,3200,1.48,0.948,0.6405405405405405,1,1.46,0.948,0.6493150684931507,2,0.008774527952610134,0.008774527952610134,1.3698630136986285,-0.020000000000000018,0.0,False
100,3225,1.49,0.946,0.6348993288590604,1,1.46,0.944,0.6465753424657534,2,0.011676013606693014,0.011676013606693014,1.8390338555996397,-0.030000000000000027,-0.0020000000000000018,False
100,3250,1.49,0.946,0.6348993288590604,1,1.46,0.944,0.6465753424657534,2,0.011676013606693014,0.011676013606693014,1.8390338555996397,-0.030000000000000027,-0.0020000000000000018,False
100,3275,1.5,0.944,0.6293333333333333,1,1.46,0.944,0.6465753424657534,2,0.017242009132420133,0.017242009132420133,2.7397260273972672,-0.040000000000000036,0.0,False
100,3300,1.5,0.944,0.6293333333333333,1,1.46,0.944,0.6465753424657534,2,0.017242009132420133,0.017242009132420133,2.7397260273972672,-0.040000000000000036,0.0,False
100,3325,1.5,0.942,0.628,1,1.48,0.944,0.6378378378378378,2,0.00983783783783776,0.00983783783783776,1.5665346875537833,-0.020000000000000018,0.0020000000000000018,False
100,3350,1.5,0.94,0.6266666666666666,1,1.5,0.94,0.6266666666666666,2,0.0,0.0,0.0,0.0,0.0,False
100,3375,1.5,0.936,0.624,1,1.5,0.936,0.624,2,0.0,0.0,0.0,0.0,0.0,False
100,3400,1.5,0.932,0.6213333333333334,1,1.5,0.936,0.624,2,0.002666666666666595,0.002666666666666595,0.4291845493562116,0.0,0.0040000000000000036,False
100,3450,1.52,0.926,0.6092105263157895,1,1.5,0.928,0.6186666666666667,2,0.009456140350877162,0.009456140350877162,1.5521958243340481,-0.020000000000000018,0.0020000000000000018,False
100,3500,1.54,0.92,0.5974025974025974,1,1.5,0.92,0.6133333333333334,2,0.015930735930736017,0.015930735930736017,2.666666666666681,-0.040000000000000036,0.0,False
100,3600,1.54,0.896,0.5818181818181818,1,1.5,0.904,0.6026666666666667,2,0.020848484848484894,0.020848484848484894,3.5833333333333415,-0.040000000000000036,0.008000000000000007,False
100,3800,1.58,0.856,0.5417721518987342,1,1.54,0.88,0.5714285714285714,2,0.02965641952983722,0.02965641952983722,5.473965287049393,-0.040000000000000036,0.02400000000000002,False
100,4000,1.62,0.824,0.508641975308642,1,1.62,0.828,0.5111111111111111,2,0.0024691358024691024,0.0024691358024691024,0.48543689320387695,0.0,0.0040000000000000036,False
100,4500,1.74,0.72,0.41379310344827586,1,1.7,0.72,0.4235294117647059,2,0.00973630831643002,0.00973630831643002,2.3529411764705883,-0.040000000000000036,0.0,False
100,5000,1.78,0.632,0.3550561797752809,1,1.78,0.636,0.35730337078651686,2,0.0022471910112359383,0.0022471910112359383,0.6329113924050586,0.0,0.0040000000000000036,False
150,1000,2.02,0.44,0.21782178217821782,1,2.02,0.44,0.21782178217821782,2,0.0,0.0,0.0,0.0,0.0,False
150,1500,1.94,0.648,0.33402061855670107,1,1.94,0.604,0.311340206185567,2,-0.02268041237113405,0.02268041237113405,6.790123456790132,0.0,-0.04400000000000004,False
150,2000,1.82,0.864,0.4747252747252747,1,1.82,0.86,0.4725274725274725,2,-0.00219780219780219,0.00219780219780219,0.46296296296296136,0.0,-0.0040000000000000036,False
150,2300,1.72,0.976,0.5674418604651162,1,1.74,0.976,0.560919540229885,2,-0.006522320235231249,0.006522320235231249,1.1494252873563269,0.020000000000000018,0.0,False
150,2500,1.66,1.04,0.6265060240963856,1,1.66,1.04,0.6265060240963856,2,0.0,0.0,0.0,0.0,0.0,False
150,2600,1.66,1.07,0.6445783132530121,1,1.66,1.07,0.6445783132530121,2,0.0,0.0,0.0,0.0,0.0,False
150,2700,1.64,1.09,0.6646341463414634,1,1.64,1.095,0.6676829268292683,2,0.0030487804878048808,0.0030487804878048808,0.4587155963302756,0.0,0.004999999999999893,False
150,2800,1.62,1.1,0.6790123456790124,1,1.62,1.1,0.6790123456790124,2,0.0,0.0,0.0,0.0,0.0,False
150,2850,1.61,1.1,0.6832298136645963,1,1.62,1.115,0.6882716049382716,2,0.005041791273675211,0.005041791273675211,0.7379349046015535,0.010000000000000009,0.014999999999999902,False
150,2900,1.61,1.1,0.6832298136645963,1,1.61,1.12,0.6956521739130435,2,0.012422360248447117,0.012422360248447117,1.8181818181818052,0.0,0.020000000000000018,False
150,2950,1.6,1.11,0.69375,1,1.59,1.12,0.7044025157232705,2,0.010652515723270528,0.010652515723270528,1.535497761912869,-0.010000000000000009,0.010000000000000009,False
150,3000,1.6,1.12,0.7000000000000001,1,1.59,1.125,0.7075471698113207,2,0.007547169811320642,0.007547169811320642,1.0781671159029487,-0.010000000000000009,0.004999999999999893,False
150,3025,1.6,1.12,0.7000000000000001,1,1.58,1.125,0.7120253164556962,2,0.012025316455696156,0.012025316455696156,1.7179023508137363,-0.020000000000000018,0.004999999999999893,False
150,3050,1.59,1.12,0.7044025157232705,1,1.58,1.13,0.7151898734177214,2,0.010787357694450939,0.010787357694450939,1.5314195298372313,-0.010000000000000009,0.009999999999999787,False
150,3075,1.59,1.12,0.7044025157232705,1,1.58,1.13,0.7151898734177214,2,0.010787357694450939,0.010787357694450939,1.5314195298372313,-0.010000000000000009,0.009999999999999787,False
150,3100,1.59,1.12,0.7044025157232705,1,1.58,1.13,0.7151898734177214,2,0.010787357694450939,0.010787357694450939,1.5314195298372313,-0.010000000000000009,0.009999999999999787,False
150,3125,1.59,1.12,0.7044025157232705,1,1.58,1.13,0.7151898734177214,2,0.010787357694450939,0.010787357694450939,1.5314195298372313,-0.010000000000000009,0.009999999999999787,False
150,3150,1.59,1.12,0.7044025157232705,1,1.58,1.13,0.7151898734177214,2,0.010787357694450939,0.010787357694450939,1.5314195298372313,-0.010000000000000009,0.009999999999999787,False
150,3175,1.59,1.12,0.7044025157232705,1,1.58,1.13,0.7151898734177214,2,0.010787357694450939,0.010787357694450939,1.5314195298372313,-0.010000000000000009,0.009999999999999787,False
150,3200,1.6,1.12,0.7000000000000001,1,1.58,1.13,0.7151898734177214,2,0.015189873417721378,0.015189873417721378,2.1699819168173393,-0.020000000000000018,0.009999999999999787,False
150,3225,1.6,1.12,0.7000000000000001,1,1.58,1.13,0.7151898734177214,2,0.015189873417721378,0.015189873417721378,2.1699819168173393,-0.020000000000000018,0.009999999999999787,False
150,3250,1.6,1.11,0.69375,1,1.58,1.125,0.7120253164556962,2,0.018275316455696244,0.018275316455696244,2.634279849469729,-0.020000000000000018,0.014999999999999902,False
150,3275,1.6,1.11,0.69375,1,1.58,1.12,0.7088607594936709,2,0.015110759493670911,0.015110759493670911,2.1781274945831943,-0.020000000000000018,0.010000000000000009,False
150,3300,1.6,1.11,0.69375,1,1.58,1.12,0.7088607594936709,2,0.015110759493670911,0.015110759493670911,2.1781274945831943,-0.020000000000000018,0.010000000000000009,False
150,3325,1.6,1.11,0.69375,1,1.58,1.12,0.7088607594936709,2,0.015110759493670911,0.015110759493670911,2.1781274945831943,-0.020000000000000018,0.010000000000000009,False
150,3350,1.6,1.11,0.69375,1,1.58,1.12,0.7088607594936709,2,0.015110759493670911,0.015110759493670911,2.1781274945831943,-0.020000000000000018,0.010000000000000009,False
150,3375,1.61,1.105,0.686335403726708,1,1.58,1.12,0.7088607594936709,2,0.022525355766962907,0.022525355766962907,3.2819749126525144,-0.030000000000000027,0.015000000000000124,False
150,3400,1.61,1.1,0.6832298136645963,1,1.58,1.12,0.7088607594936709,2,0.025630945829074547,0.025630945829074547,3.7514384349827288,-0.030000000000000027,0.020000000000000018,False
150,3450,1.62,1.09,0.6728395061728395,1,1.58,1.11,0.7025316455696203,2,0.029692139396780837,0.029692139396780837,4.412960167227977,-0.040000000000000036,0.020000000000000018,False
150,3500,1.62,1.08,0.6666666666666666,1,1.59,1.1,0.6918238993710693,2,0.02515723270440262,0.02515723270440262,3.7735849056603934,-0.030000000000000027,0.020000000000000018,False
150,3600,1.62,1.07,0.6604938271604939,1,1.62,1.095,0.6759259259259258,2,0.015432098765431945,0.015432098765431945,2.3364485981308176,0.0,0.02499999999999991,False
150,3800,1.66,1.04,0.6265060240963856,1,1.63,1.065,0.6533742331288344,2,0.026868209032448798,0.026868209032448798,4.288579518640866,-0.030000000000000027,0.02499999999999991,False
150,4000,1.66,1.0,0.6024096385542169,1,1.66,1.025,0.6174698795180723,2,0.015060240963855387,0.015060240963855387,2.4999999999999942,0.0,0.02499999999999991,False
150,4500,1.74,0.896,0.5149425287356322,1,1.71,0.92,0.5380116959064328,2,0.023069167170800653,0.023069167170800653,4.479949874686734,-0.030000000000000027,0.02400000000000002,False
150,5000,1.78,0.808,0.45393258426966293,1,1.78,0.84,0.47191011235955055,2,0.017977528089887618,0.017977528089887618,3.9603960396039555,0.0,0.03199999999999992,False
200,1000,2.02,0.576,0.2851485148514851,1,2.02,0.576,0.2851485148514851,2,0.0,0.0,0.0,0.0,0.0,False
200,1500,1.94,0.824,0.4247422680412371,1,1.94,0.808,0.41649484536082476,2,-0.008247422680412342,0.008247422680412342,1.9417475728155271,0.0,-0.015999999999999903,False
200,2000,1.82,1.05,0.576923076923077,1,1.82,1.04,0.5714285714285714,2,-0.005494505494505586,0.005494505494505586,0.9523809523809681,0.0,-0.010000000000000009,False
200,2300,1.78,1.15,0.646067415730337,1,1.76,1.13,0.6420454545454545,2,-0.0040219611848825165,0.0040219611848825165,0.6225296442687722,-0.020000000000000018,-0.020000000000000018,False
200,2500,1.74,1.2,0.689655172413793,1,1.72,1.18,0.686046511627907,2,-0.003608660785886064,0.003608660785886064,0.5232558139534793,-0.020000000000000018,-0.020000000000000018,False
200,2600,1.72,1.21,0.7034883720930233,1,1.7,1.2,0.7058823529411765,2,0.002393980848153232,0.002393980848153232,0.34030140982012885,-0.020000000000000018,-0.010000000000000009,False
200,2700,1.72,1.23,0.7151162790697675,1,1.7,1.215,0.7147058823529412,2,-0.0004103967168263001,0.0004103967168263001,0.05738880918221432,-0.020000000000000018,-0.014999999999999902,False
200,2800,1.7,1.24,0.7294117647058823,1,1.69,1.23,0.727810650887574,2,-0.0016011138183082974,0.0016011138183082974,0.2195075396067827,-0.010000000000000009,-0.010000000000000009,False
200,2850,1.68,1.24,0.7380952380952381,1,1.67,1.235,0.7395209580838324,2,0.0014257199885943095,0.0014257199885943095,0.19316206297084193,-0.010000000000000009,-0.004999999999999893,False
200,2900,1.67,1.24,0.7425149700598803,1,1.66,1.24,0.746987951807229,2,0.00447298174734867,0.00447298174734867,0.6024096385542159,-0.010000000000000009,0.0,False
200,2950,1.66,1.24,0.746987951807229,1,1.66,1.24,0.746987951807229,2,0.0,0.0,0.0,0.0,0.0,False
200,3000,1.66,1.24,0.746987951807229,1,1.66,1.24,0.746987951807229,2,0.0,0.0,0.0,0.0,0.0,False
200,3025,1.66,1.24,0.746987951807229,1,1.66,1.24,0.746987951807229,2,0.0,0.0,0.0,0.0,0.0,False
200,3050,1.66,1.24,0.746987951807229,1,1.66,1.24,0.746987951807229,2,0.0,0.0,0.0,0.0,0.0,False
200,3075,1.66,1.24,0.746987951807229,1,1.66,1.24,0.746987951807229,2,0.0,0.0,0.0,0.0,0.0,False
200,3100,1.66,1.24,0.746987951807229,1,1.66,1.24,0.746987951807229,2,0.0,0.0,0.0,0.0,0.0,False
200,3125,1.66,1.24,0.746987951807229,1,1.66,1.24,0.746987951807229,2,0.0,0.0,0.0,0.0,0.0,False
200,3150,1.66,1.24,0.746987951807229,1,1.66,1.24,0.746987951807229,2,0.0,0.0,0.0,0.0,0.0,False
200,3175,1.66,1.24,0.746987951807229,1,1.66,1.24,0.746987951807229,2,0.0,0.0,0.0,0.0,0.0,False
200,3200,1.66,1.24,0.746987951807229,1,1.66,1.24,0.746987951807229,2,0.0,0.0,0.0,0.0,0.0,False
200,3225,1.66,1.24,0.746987951807229,1,1.66,1.24,0.746987951807229,2,0.0,0.0,0.0,0.0,0.0,False
200,3250,1.66,1.24,0.746987951807229,1,1.66,1.24,0.746987951807229,2,0.0,0.0,0.0,0.0,0.0,False
200,3275,1.66,1.24,0.746987951807229,1,1.66,1.24,0.746987951807229,2,0.0,0.0,0.0,0.0,0.0,False
200,3300,1.66,1.24,0.746987951807229,1,1.66,1.24,0.746987951807229,2,0.0,0.0,0.0,0.0,0.0,False
200,3325,1.66,1.23,0.7409638554216867,1,1.66,1.24,0.746987951807229,2,0.006024096385542244,0.006024096385542244,0.8130081300813109,0.0,0.010000000000000009,False
200,3350,1.66,1.23,0.7409638554216867,1,1.66,1.24,0.746987951807229,2,0.006024096385542244,0.006024096385542244,0.8130081300813109,0.0,0.010000000000000009,False
200,3375,1.66,1.23,0.7409638554216867,1,1.66,1.24,0.746987951807229,2,0.006024096385542244,0.006024096385542244,0.8130081300813109,0.0,0.010000000000000009,False
200,3400,1.66,1.23,0.7409638554216867,1,1.66,1.23,0.7409638554216867,2,0.0,0.0,0.0,0.0,0.0,False
200,3450,1.67,1.23,0.7365269461077845,1,1.66,1.23,0.7409638554216867,2,0.004436909313902282,0.004436909313902282,0.6024096385542123,-0.010000000000000009,0.0,False
200,3500,1.68,1.22,0.7261904761904762,1,1.66,1.23,0.7409638554216867,2,0.014773379231210582,0.014773379231210582,2.034366976101129,-0.020000000000000018,0.010000000000000009,False
200,3600,1.7,1.21,0.711764705882353,1,1.67,1.215,0.7275449101796408,2,0.01578020429728788,0.01578020429728788,2.217053496313173,-0.030000000000000027,0.0050000000000001155,False
200,3800,1.7,1.18,0.6941176470588235,1,1.7,1.195,0.7029411764705883,2,0.008823529411764786,0.008823529411764786,1.2711864406779776,0.0,0.015000000000000124,False
200,4000,1.7,1.16,0.6823529411764706,1,1.7,1.16,0.6823529411764706,2,0.0,0.0,0.0,0.0,0.0,False
200,4500,1.74,1.07,0.6149425287356323,1,1.74,1.08,0.6206896551724138,2,0.005747126436781547,0.005747126436781547,0.9345794392523261,0.0,0.010000000000000009,False
200,5000,1.78,0.976,0.5483146067415731,1,1.78,0.996,0.5595505617977528,2,0.011235955056179692,0.011235955056179692,2.049180327868837,0.0,0.020000000000000018,False
270,1000,2.02,0.78,0.38613861386138615,1,2.01,0.78,0.3880597014925374,2,0.0019210876311512304,0.0019210876311512304,0.49751243781095966,-0.010000000000000231,0.0,False
270,1500,1.92,1.11,0.5781250000000001,1,1.9,1.1,0.5789473684210527,2,0.0008223684210525439,0.0008223684210525439,0.1422475106685481,-0.020000000000000018,-0.010000000000000009,False
270,2000,1.86,1.34,0.7204301075268817,1,1.82,1.32,0.7252747252747253,2,0.004844617747843505,0.004844617747843505,0.6724618664917104,-0.040000000000000036,-0.020000000000000018,False
270,2300,1.78,1.44,0.8089887640449438,1,1.78,1.44,0.8089887640449438,2,0.0,0.0,0.0,0.0,0.0,False
270,2500,1.78,1.48,0.8314606741573034,1,1.78,1.48,0.8314606741573034,2,0.0,0.0,0.0,0.0,0.0,False
270,2600,1.76,1.5,0.8522727272727273,1,1.76,1.5,0.8522727272727273,2,0.0,0.0,0.0,0.0,0.0,False
270,2700,1.75,1.52,0.8685714285714285,1,1.74,1.52,0.8735632183908046,2,0.004991789819376091,0.004991789819376091,0.5747126436781684,-0.010000000000000009,0.0,False
270,2800,1.74,1.54,0.8850574712643678,1,1.74,1.54,0.8850574712643678,2,0.0,0.0,0.0,0.0,0.0,False
270,2850,1.74,1.54,0.8850574712643678,1,1.74,1.54,0.8850574712643678,2,0.0,0.0,0.0,0.0,0.0,False
270,2900,1.74,1.54,0.8850574712643678,1,1.74,1.54,0.8850574712643678,2,0.0,0.0,0.0,0.0,0.0,False
270,2950,1.74,1.54,0.8850574712643678,1,1.74,1.54,0.8850574712643678,2,0.0,0.0,0.0,0.0,0.0,False
270,3000,1.74,1.54,0.8850574712643678,1,1.74,1.54,0.8850574712643678,2,0.0,0.0,0.0,0.0,0.0,False
270,3025,1.74,1.54,0.8850574712643678,1,1.74,1.54,0.8850574712643678,2,0.0,0.0,0.0,0.0,0.0,False
270,3050,1.74,1.54,0.8850574712643678,1,1.74,1.54,0.8850574712643678,2,0.0,0.0,0.0,0.0,0.0,False
270,3075,1.74,1.54,0.8850574712643678,1,1.74,1.54,0.8850574712643678,2,0.0,0.0,0.0,0.0,0.0,False
270,3100,1.74,1.54,0.8850574712643678,1,1.74,1.54,0.8850574712643678,2,0.0,0.0,0.0,0.0,0.0,False
270,3125,1.74,1.54,0.8850574712643678,1,1.74,1.54,0.8850574712643678,2,0.0,0.0,0.0,0.0,0.0,False
270,3150,1.74,1.54,0.8850574712643678,1,1.74,1.54,0.8850574712643678,2,0.0,0.0,0.0,0.0,0.0,False
270,3175,1.74,1.54,0.8850574712643678,1,1.74,1.54,0.8850574712643678,2,0.0,0.0,0.0,0.0,0.0,False
270,3200,1.74,1.54,0.8850574712643678,1,1.74,1.54,0.8850574712643678,2,0.0,0.0,0.0,0.0,0.0,False
270,3225,1.74,1.54,0.8850574712643678,1,1.74,1.54,0.8850574712643678,2,0.0,0.0,0.0,0.0,0.0,False
270,3250,1.74,1.54,0.8850574712643678,1,1.74,1.54,0.8850574712643678,2,0.0,0.0,0.0,0.0,0.0,False
270,3275,1.74,1.54,0.8850574712643678,1,1.74,1.54,0.8850574712643678,2,0.0,0.0,0.0,0.0,0.0,False
270,3300,1.74,1.54,0.8850574712643678,1,1.74,1.54,0.8850574712643678,2,0.0,0.0,0.0,0.0,0.0,False
270,3325,1.74,1.54,0.8850574712643678,1,1.74,1.54,0.8850574712643678,2,0.0,0.0,0.0,0.0,0.0,False
270,3350,1.74,1.54,0.8850574712643678,1,1.74,1.54,0.8850574712643678,2,0.0,0.0,0.0,0.0,0.0,False
270,3375,1.74,1.54,0.8850574712643678,1,1.74,1.54,0.8850574712643678,2,0.0,0.0,0.0,0.0,0.0,False
270,3400,1.74,1.54,0.8850574712643678,1,1.74,1.54,0.8850574712643678,2,0.0,0.0,0.0,0.0,0.0,False
270,3450,1.74,1.54,0.8850574712643678,1,1.74,1.54,0.8850574712643678,2,0.0,0.0,0.0,0.0,0.0,False
270,3500,1.74,1.54,0.8850574712643678,1,1.74,1.54,0.8850574712643678,2,0.0,0.0,0.0,0.0,0.0,False
270,3600,1.74,1.52,0.8735632183908046,1,1.74,1.52,0.8735632183908046,2,0.0,0.0,0.0,0.0,0.0,False
270,3800,1.74,1.5,0.8620689655172414,1,1.74,1.5,0.8620689655172414,2,0.0,0.0,0.0,0.0,0.0,False
270,4000,1.76,1.46,0.8295454545454545,1,1.74,1.48,0.8505747126436781,2,0.021029258098223647,0.021029258098223647,2.5350338529365493,-0.020000000000000018,0.020000000000000018,False
270,4500,1.78,1.4,0.7865168539325842,1,1.78,1.42,0.797752808988764,2,0.011235955056179803,0.011235955056179803,1.4285714285714322,0.0,0.020000000000000018,False
270,5000,1.82,1.32,0.7252747252747253,1,1.81,1.33,0.7348066298342542,2,0.009531904559528903,0.009531904559528903,1.3142474468441367,-0.010000000000000009,0.010000000000000009,False
330,1000,1.98,0.9,0.4545454545454546,1,1.99,0.9,0.45226130653266333,2,-0.002284148012791254,0.002284148012791254,0.5025125628140759,0.010000000000000009,0.0,False
330,1500,1.92,1.24,0.6458333333333334,1,1.91,1.22,0.6387434554973822,2,-0.007089877835951164,0.007089877835951164,1.0977875358892124,-0.010000000000000009,-0.020000000000000018,False
330,2000,1.84,1.46,0.7934782608695652,1,1.86,1.44,0.7741935483870968,2,-0.019284712482468436,0.019284712482468436,2.430402121078214,0.020000000000000018,-0.020000000000000018,False
330,2300,1.82,1.54,0.8461538461538461,1,1.82,1.54,0.8461538461538461,2,0.0,0.0,0.0,0.0,0.0,False
330,2500,1.8,1.58,0.8777777777777778,1,1.78,1.57,0.8820224719101124,2,0.0042446941323346365,0.0042446941323346365,0.483572749253313,-0.020000000000000018,-0.010000000000000009,False
330,2600,1.8,1.58,0.8777777777777778,1,1.78,1.58,0.8876404494382023,2,0.009862671660424538,0.009862671660424538,1.1235955056179854,-0.020000000000000018,0.0,False
330,2700,1.78,1.6,0.8988764044943821,1,1.78,1.58,0.8876404494382023,2,-0.011235955056179803,0.011235955056179803,1.2500000000000029,0.0,-0.020000000000000018,False
330,2800,1.78,1.6,0.8988764044943821,1,1.78,1.6,0.8988764044943821,2,0.0,0.0,0.0,0.0,0.0,False
330,2850,1.78,1.61,0.9044943820224719,1,1.78,1.61,0.9044943820224719,2,0.0,0.0,0.0,0.0,0.0,False
330,2900,1.78,1.62,0.9101123595505618,1,1.78,1.62,0.9101123595505618,2,0.0,0.0,0.0,0.0,0.0,False
330,2950,1.78,1.62,0.9101123595505618,1,1.78,1.62,0.9101123595505618,2,0.0,0.0,0.0,0.0,0.0,False
330,3000,1.78,1.62,0.9101123595505618,1,1.78,1.62,0.9101123595505618,2,0.0,0.0,0.0,0.0,0.0,False
330,3025,1.78,1.62,0.9101123595505618,1,1.78,1.62,0.9101123595505618,2,0.0,0.0,0.0,0.0,0.0,False
330,3050,1.78,1.62,0.9101123595505618,1,1.78,1.62,0.9101123595505618,2,0.0,0.0,0.0,0.0,0.0,False
330,3075,1.78,1.62,0.9101123595505618,1,1.78,1.62,0.9101123595505618,2,0.0,0.0,0.0,0.0,0.0,False
330,3100,1.78,1.62,0.9101123595505618,1,1.78,1.62,0.9101123595505618,2,0.0,0.0,0.0,0.0,0.0,False
330,3125,1.78,1.62,0.9101123595505618,1,1.78,1.62,0.9101123595505618,2,0.0,0.0,0.0,0.0,0.0,False
330,3150,1.78,1.62,0.9101123595505618,1,1.78,1.62,0.9101123595505618,2,0.0,0.0,0.0,0.0,0.0,False
330,3175,1.78,1.62,0.9101123595505618,1,1.78,1.62,0.9101123595505618,2,0.0,0.0,0.0,0.0,0.0,False
330,3200,1.78,1.62,0.9101123595505618,1,1.78,1.62,0.9101123595505618,2,0.0,0.0,0.0,0.0,0.0,False
330,3225,1.78,1.62,0.9101123595505618,1,1.78,1.62,0.9101123595505618,2,0.0,0.0,0.0,0.0,0.0,False
330,3250,1.78,1.62,0.9101123595505618,1,1.78,1.62,0.9101123595505618,2,0.0,0.0,0.0,0.0,0.0,False
330,3275,1.78,1.62,0.9101123595505618,1,1.78,1.62,0.9101123595505618,2,0.0,0.0,0.0,0.0,0.0,False
330,3300,1.78,1.62,0.9101123595505618,1,1.78,1.62,0.9101123595505618,2,0.0,0.0,0.0,0.0,0.0,False
330,3325,1.78,1.62,0.9101123595505618,1,1.78,1.62,0.9101123595505618,2,0.0,0.0,0.0,0.0,0.0,False
330,3350,1.78,1.61,0.9044943820224719,1,1.78,1.61,0.9044943820224719,2,0.0,0.0,0.0,0.0,0.0,False
330,3375,1.78,1.61,0.9044943820224719,1,1.78,1.615,0.9073033707865168,2,0.002808988764044895,0.002808988764044895,0.31055900621117477,0.0,0.004999999999999893,False
330,3400,1.78,1.61,0.9044943820224719,1,1.78,1.615,0.9073033707865168,2,0.002808988764044895,0.002808988764044895,0.31055900621117477,0.0,0.004999999999999893,False
330,3450,1.78,1.605,0.9016853932584269,1,1.78,1.61,0.9044943820224719,2,0.002808988764045006,0.002808988764045006,0.31152647975078573,0.0,0.0050000000000001155,False
330,3500,1.78,1.6,0.8988764044943821,1,1.78,1.6,0.8988764044943821,2,0.0,0.0,0.0,0.0,0.0,False
330,3600,1.78,1.58,0.8876404494382023,1,1.78,1.59,0.8932584269662922,2,0.005617977528089901,0.005617977528089901,0.6329113924050648,0.0,0.010000000000000009,False
330,3800,1.78,1.58,0.8876404494382023,1,1.78,1.58,0.8876404494382023,2,0.0,0.0,0.0,0.0,0.0,False
330,4000,1.78,1.54,0.8651685393258427,1,1.78,1.55,0.8707865168539326,2,0.005617977528089901,0.005617977528089901,0.6493506493506509,0.0,0.010000000000000009,False
330,4500,1.82,1.5,0.8241758241758241,1,1.79,1.5,0.8379888268156425,2,0.013813002639818328,0.013813002639818328,1.6759776536312905,-0.030000000000000027,0.0,False
330,5000,1.82,1.43,0.7857142857142857,1,1.82,1.43,0.7857142857142857,2,0.0,0.0,0.0,0.0,0.0,False
470,1000,1.98,1.18,0.5959595959595959,1,1.98,1.18,0.5959595959595959,2,0.0,0.0,0.0,0.0,0.0,False
470,1500,1.92,1.47,0.765625,1,1.93,1.46,0.7564766839378239,2,-0.009148316062176143,0.009148316062176143,1.194882097916884,0.010000000000000009,-0.010000000000000009,False
470,2000,1.88,1.62,0.8617021276595745,1,1.87,1.62,0.8663101604278075,2,0.004608032768232961,0.004608032768232961,0.5347593582887634,-0.009999999999999787,0.0,False
470,2300,1.86,1.66,0.8924731182795698,1,1.86,1.66,0.8924731182795698,2,0.0,0.0,0.0,0.0,0.0,False
470,2500,1.85,1.7,0.9189189189189189,1,1.86,1.7,0.9139784946236559,2,-0.0049404242952629795,0.0049404242952629795,0.5376344086021478,0.010000000000000009,0.0,False
470,2600,1.84,1.7,0.9239130434782608,1,1.86,1.7,0.9139784946236559,2,-0.009934548854604874,0.009934548854604874,1.0752688172042923,0.020000000000000018,0.0,False
470,2700,1.84,1.7,0.9239130434782608,1,1.86,1.7,0.9139784946236559,2,-0.009934548854604874,0.009934548854604874,1.0752688172042923,0.020000000000000018,0.0,False
470,2800,1.83,1.7,0.9289617486338797,1,1.86,1.7,0.9139784946236559,2,-0.014983254010223823,0.014983254010223823,1.612903225806447,0.030000000000000027,0.0,False
470,2850,1.83,1.7,0.9289617486338797,1,1.86,1.7,0.9139784946236559,2,-0.014983254010223823,0.014983254010223823,1.612903225806447,0.030000000000000027,0.0,False
470,2900,1.82,1.7,0.934065934065934,1,1.86,1.7,0.9139784946236559,2,-0.020087439442278088,0.020087439442278088,2.1505376344085954,0.040000000000000036,0.0,False
470,2950,1.82,1.7,0.934065934065934,1,1.86,1.71,0.9193548387096774,2,-0.014711095356256587,0.014711095356256587,1.574952561669823,0.040000000000000036,0.010000000000000009,False
470,3000,1.82,1.7,0.934065934065934,1,1.85,1.71,0.9243243243243242,2,-0.009741609741609758,0.009741609741609758,1.0429252782193976,0.030000000000000027,0.010000000000000009,False
470,3025,1.82,1.7,0.934065934065934,1,1.85,1.71,0.9243243243243242,2,-0.009741609741609758,0.009741609741609758,1.0429252782193976,0.030000000000000027,0.010000000000000009,False
470,3050,1.82,1.7,0.934065934065934,1,1.85,1.71,0.9243243243243242,2,-0.009741609741609758,0.009741609741609758,1.0429252782193976,0.030000000000000027,0.010000000000000009,False
470,3075,1.82,1.71,0.9395604395604396,1,1.85,1.71,0.9243243243243242,2,-0.015236115236115344,0.015236115236115344,1.621621621621633,0.030000000000000027,0.0,False
470,3100,1.82,1.71,0.9395604395604396,1,1.85,1.71,0.9243243243243242,2,-0.015236115236115344,0.015236115236115344,1.621621621621633,0.030000000000000027,0.0,False
470,3125,1.82,1.71,0.9395604395604396,1,1.85,1.71,0.9243243243243242,2,-0.015236115236115344,0.015236115236115344,1.621621621621633,0.030000000000000027,0.0,False
470,3150,1.82,1.7,0.934065934065934,1,1.85,1.71,0.9243243243243242,2,-0.009741609741609758,0.009741609741609758,1.0429252782193976,0.030000000000000027,0.010000000000000009,False
470,3175,1.82,1.7,0.934065934065934,1,1.85,1.71,0.9243243243243242,2,-0.009741609741609758,0.009741609741609758,1.0429252782193976,0.030000000000000027,0.010000000000000009,False
470,3200,1.82,1.7,0.934065934065934,1,1.85,1.71,0.9243243243243242,2,-0.009741609741609758,0.009741609741609758,1.0429252782193976,0.030000000000000027,0.010000000000000009,False
470,3225,1.82,1.7,0.934065934065934,1,1.85,1.71,0.9243243243243242,2,-0.009741609741609758,0.009741609741609758,1.0429252782193976,0.030000000000000027,0.010000000000000009,False
470,3250,1.82,1.7,0.934065934065934,1,1.85,1.71,0.9243243243243242,2,-0.009741609741609758,0.009741609741609758,1.0429252782193976,0.030000000000000027,0.010000000000000009,False
470,3275,1.82,1.7,0.934065934065934,1,1.85,1.71,0.9243243243243242,2,-0.009741609741609758,0.009741609741609758,1.0429252782193976,0.030000000000000027,0.010000000000000009,False
470,3300,1.82,1.7,0.934065934065934,1,1.85,1.71,0.9243243243243242,2,-0.009741609741609758,0.009741609741609758,1.0429252782193976,0.030000000000000027,0.010000000000000009,False
470,3325,1.82,1.7,0.934065934065934,1,1.85,1.71,0.9243243243243242,2,-0.009741609741609758,0.009741609741609758,1.0429252782193976,0.030000000000000027,0.010000000000000009,False
470,3350,1.82,1.7,0.934065934065934,1,1.85,1.71,0.9243243243243242,2,-0.009741609741609758,0.009741609741609758,1.0429252782193976,0.030000000000000027,0.010000000000000009,False
470,3375,1.82,1.7,0.934065934065934,1,1.85,1.71,0.9243243243243242,2,-0.009741609741609758,0.009741609741609758,1.0429252782193976,0.030000000000000027,0.010000000000000009,False
470,3400,1.82,1.7,0.934065934065934,1,1.85,1.7,0.9189189189189189,2,-0.015147015147015108,0.015147015147015108,1.6216216216216177,0.030000000000000027,0.0,False
470,3450,1.82,1.7,0.934065934065934,1,1.85,1.7,0.9189189189189189,2,-0.015147015147015108,0.015147015147015108,1.6216216216216177,0.030000000000000027,0.0,False
470,3500,1.82,1.7,0.934065934065934,1,1.85,1.7,0.9189189189189189,2,-0.015147015147015108,0.015147015147015108,1.6216216216216177,0.030000000000000027,0.0,False
470,3600,1.82,1.7,0.934065934065934,1,1.85,1.7,0.9189189189189189,2,-0.015147015147015108,0.015147015147015108,1.6216216216216177,0.030000000000000027,0.0,False
470,3800,1.82,1.7,0.934065934065934,1,1.86,1.7,0.9139784946236559,2,-0.020087439442278088,0.020087439442278088,2.1505376344085954,0.040000000000000036,0.0,False
470,4000,1.82,1.66,0.9120879120879121,1,1.86,1.7,0.9139784946236559,2,0.0018905825357438122,0.0018905825357438122,0.20728073584661075,0.040000000000000036,0.040000000000000036,False
470,4500,1.84,1.65,0.8967391304347825,1,1.86,1.64,0.8817204301075268,2,-0.015018700327255718,0.015018700327255718,1.6748126425545773,0.020000000000000018,-0.010000000000000009,False
470,5000,1.855,1.59,0.8571428571428572,1,1.86,1.62,0.8709677419354839,2,0.013824884792626668,0.013824884792626668,1.6129032258064444,0.0050000000000001155,0.030000000000000027,False
