R_hidden_Ohm,RMSE_R_hidden,L_H,L_mH,RMSE_L,C_F,C_nF,RMSE_C
0.0,0.24377401851012137,0.005,5.0,0.12799116315449421,1e-07,100.0,0.2346540192818375
0.40080160320641284,0.24161925334563455,0.005030060120240481,5.030060120240481,0.1274556453283285,1.0060120240480961e-07,100.60120240480961,0.23205592629008306
0.8016032064128257,0.23947487641861373,0.005060120240480962,5.060120240480962,0.12692025909300014,1.0120240480961923e-07,101.20240480961922,0.22947014461214782
1.2024048096192386,0.23734081305433266,0.005090180360721443,5.090180360721443,0.12638500384791032,1.0180360721442886e-07,101.80360721442887,0.22689695206717406
1.6032064128256514,0.2352169893119496,0.005120240480961924,5.1202404809619235,0.1258498790895862,1.0240480961923848e-07,102.40480961923848,0.22433662021353504
2.0040080160320644,0.23310333197604888,0.005150300601202405,5.150300601202405,0.12531488441508384,1.0300601202404809e-07,103.00601202404809,0.22178941422189666
2.404809619238477,0.23099976854831938,0.005180360721442886,5.180360721442885,0.12478001952530555,1.0360721442885771e-07,103.6072144288577,0.21925559275759274
2.80561122244489,0.22890622723937193,0.0052104208416833666,5.210420841683367,0.12424528422822718,1.0420841683366733e-07,104.20841683366733,0.21673540787193268
3.2064128256513027,0.22682263696069233,0.0052404809619238475,5.240480961923847,0.12371067844203194,1.0480961923847696e-07,104.80961923847696,0.21422910490207953
3.6072144288577155,0.2247489273167298,0.005270541082164328,5.270541082164328,0.12317620219814752,1.0541082164328657e-07,105.41082164328657,0.21173692237914993
4.008016032064129,0.2226850285971177,0.005300601202404809,5.30060120240481,0.12264185564418305,1.0601202404809619e-07,106.0120240480962,0.20925909194420603
4.408817635270541,0.22063087176902782,0.005330661322645291,5.330661322645291,0.12210763904676207,1.066132264529058e-07,106.6132264529058,0.2067958382718309
4.809619238476954,0.21858638846965422,0.005360721442885772,5.360721442885772,0.12157355279424946,1.0721442885771542e-07,107.21442885771542,0.20434737900099548
5.210420841683367,0.2165515109988277,0.005390781563126253,5.390781563126253,0.12103959739936818,1.0781563126252505e-07,107.81563126252506,0.201913924672949
5.61122244488978,0.21452617231175855,0.005420841683366734,5.420841683366734,0.12050577350170345,1.0841683366733467e-07,108.41683366733467,0.19949567867588525
6.012024048096192,0.2125103060119074,0.005450901803607215,5.4509018036072145,0.11997208187009176,1.0901803607214429e-07,109.01803607214428,0.197092837196157
6.412825651302605,0.21050384634398212,0.005480961923847696,5.480961923847696,0.11943852340489176,1.096192384769539e-07,109.6192384769539,0.19470558917583375
6.813627254509019,0.2085067281870625,0.005511022044088177,5.511022044088176,0.11890509914013442,1.1022044088176352e-07,110.22044088176352,0.19233411627641728
7.214428857715431,0.20651888704784857,0.005541082164328658,5.541082164328658,0.11837181024555055,1.1082164328657314e-07,110.82164328657313,0.18997859284854843
7.615230460921844,0.20454025905403442,0.0055711422845691385,5.571142284569138,0.11783865802847313,1.1142284569138275e-07,111.42284569138275,0.18763918590755913
8.016032064128257,0.2025707809478065,0.005601202404809619,5.601202404809619,0.1173056439356123,1.1202404809619238e-07,112.02404809619239,0.18531605511473814
8.41683366733467,0.20061039007946566,0.0056312625250501,5.631262525050101,0.11677276955470138,1.12625250501002e-07,112.625250501002,0.1830093527641973
8.817635270541082,0.198659024401172,0.005661322645290581,5.661322645290581,0.11624003661601176,1.1322645290581162e-07,113.22645290581161,0.1807192237752377
9.218436873747494,0.1967166224608147,0.005691382765531062,5.6913827655310625,0.11570744699373542,1.1382765531062123e-07,113.82765531062124,0.1784458056901296
9.619238476953909,0.1947831233960036,0.005721442885771543,5.721442885771543,0.11517500270723315,1.1442885771543085e-07,114.42885771543085,0.17618922867722894
10.02004008016032,0.19285846692818495,0.005751503006012024,5.751503006012024,0.1146427059221476,1.1503006012024048e-07,115.03006012024048,0.1739496155393645
10.420841683366733,0.19094259335688027,0.005781563126252505,5.781563126252505,0.11411055895137943,1.156312625250501e-07,115.63126252505009,0.17172708172743725
10.821643286573147,0.1890354435540493,0.005811623246492986,5.811623246492986,0.113578564255926,1.1623246492985971e-07,116.23246492985972,0.16952173535917764
11.22244488977956,0.1871369589585766,0.005841683366733467,5.841683366733466,0.11304672444558148,1.1683366733466933e-07,116.83366733466933,0.16733367724301398
11.623246492985972,0.1852470815708841,0.005871743486973948,5.871743486973948,0.11251504227949753,1.1743486973947895e-07,117.43486973947894,0.16516300090700614
12.024048096192384,0.1833657539476679,0.005901803607214429,5.901803607214429,0.11198352066660432,1.1803607214428858e-07,118.03607214428858,0.16300979263279947
12.424849699398798,0.18149291919676216,0.00593186372745491,5.9318637274549095,0.11145216266589096,1.186372745490982e-07,118.6372745490982,0.16087413149455707
12.82565130260521,0.17962852097213058,0.0059619238476953905,5.961923847695391,0.11092097148654564,1.192384769539078e-07,119.2384769539078,0.1587560894028235
13.226452905811623,0.1777725034689861,0.005991983967935871,5.991983967935871,0.11038995048795469,1.1983967935871744e-07,119.83967935871745,0.15665573115327366
13.627254509018037,0.17592481141904093,0.006022044088176352,6.022044088176353,0.1098591031795609,1.2044088176352704e-07,120.44088176352705,0.15457311448029665
14.02805611222445,0.17408539008588902,0.006052104208416833,6.052104208416833,0.10932843322058164,1.2104208416833667e-07,121.04208416833667,0.15250829011535766
14.428857715430862,0.17225418526052141,0.006082164328657314,6.082164328657314,0.10879794441958622,1.2164328657314628e-07,121.64328657314628,0.15046130185008166
14.829659318637274,0.17043114325697736,0.006112224448897795,6.112224448897795,0.10826764073393348,1.222444889779559e-07,122.24448897795591,0.14843218660398935
15.230460921843688,0.16861621090813422,0.006142284569138277,6.142284569138277,0.10773752626907014,1.228456913827655e-07,122.84569138276551,0.14642097449681743
15.6312625250501,0.1668093355616373,0.006172344689378758,6.1723446893787575,0.10720760527769072,1.2344689378757514e-07,123.44689378757514,0.14442768892534238
16.032064128256515,0.1650104650759733,0.006202404809619239,6.202404809619239,0.10667788215875934,1.2404809619238477e-07,124.04809619238478,0.14245234664462492
16.432865731462925,0.1632195478166914,0.00623246492985972,6.232464929859719,0.10614836145639499,1.2464929859719437e-07,124.64929859719437,0.14049495785358096
16.83366733466934,0.16143653265277366,0.006262525050100201,6.2625250501002006,0.10561904785862139,1.25250501002004e-07,125.250501002004,0.13855552628478168
17.234468937875754,0.1596613689531594,0.0062925851703406815,6.292585170340682,0.10508994619598183,1.2585170340681363e-07,125.85170340681364,0.13663404929837594
17.635270541082164,0.15789400658342903,0.006322645290581162,6.322645290581162,0.10456106144002161,1.2645290581162324e-07,126.45290581162324,0.13473051798002095
18.03607214428858,0.15613439590264935,0.006352705410821643,6.352705410821644,0.10403239870163858,1.2705410821643287e-07,127.05410821643287,0.13284491724270198
18.43687374749499,0.15438248776038846,0.006382765531062124,6.382765531062124,0.1035039632293038,1.2765531062124247e-07,127.65531062124248,0.1309772259323144
18.837675350701403,0.15263823349390288,0.006412825651302605,6.412825651302605,0.10297576040715409,1.282565130260521e-07,128.2565130260521,0.1291274169368734
19.238476953907817,0.15090158492550504,0.006442885771543086,6.442885771543086,0.1024477957529579,1.288577154308617e-07,128.8577154308617,0.12729545729921557
19.639278557114228,0.14917249436011656,0.006472945891783567,6.472945891783567,0.10192007491595716,1.2945891783567134e-07,129.45891783567134,0.12548130833304363
20.04008016032064,0.14745091458301499,0.006503006012024048,6.503006012024048,0.10139260367458638,1.3006012024048097e-07,130.06012024048096,0.12368492574216843
20.440881763527056,0.14573679885778204,0.006533066132264529,6.533066132264529,0.10086538793407165,1.3066132264529057e-07,130.66132264529057,0.12190625974279228
20.841683366733466,0.14403010092446017,0.00656312625250501,6.56312625250501,0.1003384337239117,1.312625250501002e-07,131.2625250501002,0.12014525518867475
21.24248496993988,0.14233077499793015,0.006593186372745491,6.593186372745491,0.09981174719524306,1.3186372745490983e-07,131.86372745490982,0.11840185169902158
21.643286573146295,0.14063877576651532,0.006623246492985972,6.623246492985972,0.0992853346180923,1.3246492985971943e-07,132.46492985971943,0.11667598378892906
22.044088176352705,0.13895405839082728,0.006653306613226453,6.6533066132264524,0.09875920237851733,1.3306613226452906e-07,133.06613226452907,0.1149675810022189
22.44488977955912,0.13727657850286265,0.006683366733466934,6.683366733466935,0.0982333569756408,1.3366733466933867e-07,133.66733466933866,0.11327656804649401
22.845691382765533,0.13560629220536422,0.006713426853707415,6.713426853707415,0.09770780501857788,1.342685370741483e-07,134.2685370741483,0.11160286493024427
23.246492985971944,0.13394315607146212,0.006743486973947896,6.743486973947896,0.09718255322326155,1.348697394789579e-07,134.8697394789579,0.10994638710183327
23.647294589178358,0.13228712714460744,0.006773547094188377,6.773547094188377,0.09665760840916797,1.3547094188376753e-07,135.47094188376752,0.10830704559019258
24.04809619238477,0.13063816293881828,0.006803607214428858,6.803607214428858,0.09613297749594496,1.3607214428857716e-07,136.07214428857716,0.10668474714705575
24.448897795591183,0.12899622143925327,0.006833667334669339,6.833667334669339,0.09560866749994662,1.3667334669338676e-07,136.67334669338678,0.10507939439056059
24.849699398797597,0.12736126110313525,0.00686372745490982,6.86372745490982,0.09508468553067687,1.372745490981964e-07,137.2745490981964,0.10349088595005274
25.250501002004007,0.1257332408610445,0.006893787575150301,6.8937875751503,0.0945610387871452,1.3787575150300602e-07,137.87575150300603,0.10191911661192522
25.65130260521042,0.12411212011860577,0.006923847695390782,6.923847695390782,0.09403773455413787,1.3847695390781563e-07,138.4769539078156,0.10036397746633006
26.052104208416836,0.12249785875859585,0.006953907815631263,6.953907815631263,0.09351478019840753,1.3907815631262523e-07,139.07815631262523,0.09882535605460221
26.452905811623246,0.12089041714349803,0.006983967935871744,6.9839679358717435,0.09299218316478439,1.3967935871743486e-07,139.67935871743487,0.09730313651724004
26.85370741482966,0.11928975611853496,0.0070140280561122245,7.014028056112225,0.09246995097221282,1.402805611222445e-07,140.28056112224448,0.0957971997422901
27.254509018036075,0.1176958370152136,0.0070440881763527054,7.044088176352705,0.09194809120971591,1.408817635270541e-07,140.8817635270541,0.09430742351398741
27.655310621242485,0.11610862165541823,0.007074148296593186,7.074148296593187,0.09142661153229209,1.4148296593186372e-07,141.48296593186373,0.09283368266150994
28.0561122244489,0.11452807235609289,0.007104208416833667,7.104208416833667,0.09090551965674665,1.4208416833667335e-07,142.08416833667334,0.09137584920771022
28.45691382765531,0.11295415193455549,0.007134268537074148,7.134268537074148,0.09038482335746194,1.4268537074148296e-07,142.68537074148296,0.08993379251769125
28.857715430861724,0.11138682371449309,0.007164328657314629,7.164328657314629,0.08986453046210954,1.4328657314629259e-07,143.2865731462926,0.0885073794471035
29.258517034068138,0.10982605153269137,0.00719438877755511,7.19438877755511,0.08934464884730803,1.438877755511022e-07,143.88777555110218,0.08709647449004379
29.65931863727455,0.10827179974655532,0.007224448897795591,7.224448897795591,0.08882518643422972,1.4448897795591182e-07,144.48897795591182,0.08570093992644458
30.060120240480963,0.10672403324248596,0.007254509018036072,7.254509018036072,0.0883061511841599,1.4509018036072142e-07,145.09018036072143,0.08432063596885125
30.460921843687377,0.10518271744518409,0.007284569138276553,7.284569138276553,0.08778755109401239,1.4569138276553105e-07,145.69138276553105,0.08295542090848992
30.861723446893787,0.10364781832795708,0.007314629258517034,7.314629258517034,0.08726939419180467,1.4629258517034068e-07,146.2925851703407,0.08160515126053958
31.2625250501002,0.10211930242411511,0.007344689378757515,7.344689378757515,0.08675168853209618,1.468937875751503e-07,146.8937875751503,0.08026968190852912
31.663326653306616,0.10059713683955222,0.007374749498997996,7.374749498997995,0.08623444219139371,1.4749498997995992e-07,147.4949899799599,0.07894886624778977
32.06412825651303,0.09908128926661457,0.0074048096192384765,7.404809619238477,0.08571766326352721,1.4809619238476955e-07,148.09619238476955,0.07764255632790298
32.46492985971944,0.09757172799937344,0.0074348697394789574,7.434869739478957,0.08520135985499956,1.4869739478957915e-07,148.69739478957916,0.07635060299409342
32.86573146292585,0.09606842195043039,0.007464929859719438,7.4649298597194385,0.08468554008031424,1.4929859719438878e-07,149.29859719438878,0.07507285602752731
33.26653306613227,0.09457134066939649,0.007494989979959919,7.494989979959919,0.08417021205728421,1.4989979959919838e-07,149.8997995991984,0.07380916428448855
33.66733466933868,0.0930804543632035,0.0075250501002004,7.5250501002004,0.08365538390232596,1.5050100200400801e-07,150.501002004008,0.07255937583441396
34.06813627254509,0.0915957339184232,0.007555110220440881,7.5551102204408815,0.08314106372574184,1.5110220440881762e-07,151.1022044088176,0.07132333809678473
34.46893787575151,0.09011715092578952,0.007585170340681362,7.585170340681362,0.08262725962699498,1.5170340681362725e-07,151.70340681362725,0.07010089797687999
34.86973947895792,0.08864467770714379,0.007615230460921843,7.615230460921843,0.08211397968997984,1.5230460921843688e-07,152.30460921843687,0.06889190200041612
35.27054108216433,0.08717828734504254,0.007645290581162325,7.645290581162325,0.08160123197829242,1.5290581162324648e-07,152.90581162324648,0.06769619644710569
35.671342685370746,0.08571795371530648,0.007675350701402806,7.675350701402806,0.08108902453050344,1.535070140280561e-07,153.50701402805612,0.06651362748318825
36.07214428857716,0.08426365152281011,0.007705410821643287,7.705410821643286,0.08057736535543843,1.5410821643286574e-07,154.10821643286573,0.06534404129300009
36.47294589178357,0.08281535634085893,0.0077354709418837675,7.735470941883768,0.08006626242746799,1.5470941883767534e-07,154.70941883767534,0.06418728420966664
36.87374749498998,0.08137304465453742,0.0077655310621242485,7.765531062124248,0.07955572368181231,1.5531062124248495e-07,155.31062124248496,0.06304320284502114
37.274549098196395,0.0799366939084609,0.007795591182364729,7.7955911823647295,0.07904575700986294,1.5591182364729458e-07,155.91182364729457,0.061911644218872165
37.675350701402806,0.07850628255942306,0.007825651302605211,7.825651302605211,0.07853637025452609,1.565130260521042e-07,156.5130260521042,0.06079245588776433
38.07615230460922,0.07708179013448713,0.00785571142284569,7.85571142284569,0.07802757120559058,1.571142284569138e-07,157.11422845691382,0.05968548607339886
38.476953907815634,0.07566319729514931,0.007885771543086173,7.8857715430861735,0.0775193675951239,1.5771543086172344e-07,157.71543086172343,0.05859058379090686
38.877755511022045,0.07425048590828123,0.007915831663326652,7.915831663326652,0.07701176709290099,1.5831663326653307e-07,158.31663326653307,0.057507598977195394
39.278557114228455,0.07284363912465619,0.007945891783567135,7.945891783567135,0.07650477730186758,1.5891783567134267e-07,158.9178356713427,0.05643638261961491
39.67935871743487,0.07144264146597706,0.007975951903807616,7.975951903807616,0.0759984057536438,1.595190380761523e-07,159.5190380761523,0.05537678688523055
40.08016032064128,0.07004747892144793,0.008006012024048097,8.006012024048097,0.07549265990406938,1.6012024048096193e-07,160.12024048096194,0.05432866525101614
40.480961923847694,0.06865813905508591,0.008036072144288578,8.036072144288578,0.07498754712879593,1.6072144288577154e-07,160.72144288577155,0.053291872635327336
40.88176352705411,0.06727461112513933,0.008066132264529059,8.066132264529058,0.07448307471892887,1.6132264529058114e-07,161.32264529058114,0.052266265531056046
41.28256513026052,0.06589688621718251,0.00809619238476954,8.09619238476954,0.07397924987672258,1.6192384769539077e-07,161.92384769539078,0.05125170214091606
41.68336673346693,0.06452495739269468,0.00812625250501002,8.12625250501002,0.07347607971133292,1.625250501002004e-07,162.5250501002004,0.05024804251536372
42.08416833667335,0.06315881985520326,0.008156312625250501,8.156312625250502,0.07297357123463007,1.6312625250501e-07,163.12625250501,0.04925514869371741
42.48496993987976,0.06179847113640415,0.008186372745490982,8.186372745490981,0.07247173135707549,1.6372745490981964e-07,163.72745490981964,0.04827288484910739
42.88577154308617,0.060443911305046075,0.008216432865731463,8.216432865731463,0.0719705668836668,1.6432865731462927e-07,164.32865731462925,0.04730111743796304
43.28657314629259,0.0590951432018272,0.008246492985971944,8.246492985971944,0.07147008450995403,1.6492985971943887e-07,164.92985971943887,0.046339715354827865
43.687374749499,0.057752172704081124,0.008276553106212425,8.276553106212425,0.07097029081813029,1.6553106212424847e-07,165.53106212424848,0.0453885500933895
44.08817635270541,0.05641500902467159,0.008306613226452906,8.306613226452907,0.07047119227320173,1.6613226452905813e-07,166.13226452905812,0.04444749591471848
44.48897795591183,0.05508366505027234,0.008336673346693387,8.336673346693386,0.06997279521923899,1.6673346693386773e-07,166.73346693386773,0.043516430023831675
44.88977955911824,0.05375815772511605,0.008366733466933868,8.366733466933868,0.06947510587571473,1.6733466933867734e-07,167.33466933867734,0.04259523275583208
45.29058116232465,0.052438508487388596,0.008396793587174349,8.396793587174349,0.06897813033393067,1.6793587174348697e-07,167.93587174348696,0.04168378777303654
45.69138276553107,0.05112474376675476,0.00842685370741483,8.42685370741483,0.06848187455353744,1.685370741482966e-07,168.5370741482966,0.04078198227467646
46.09218436873748,0.04981689555308739,0.00845691382765531,8.45691382765531,0.06798634435915167,1.691382765531062e-07,169.1382765531062,0.03988970722096206
46.49298597194389,0.04851500204839602,0.008486973947895791,8.486973947895791,0.06749154543707328,1.6973947895791583e-07,169.73947895791582,0.039006857573529626
46.8937875751503,0.047219108416289735,0.008517034068136272,8.517034068136272,0.06699748333210732,1.7034068136272546e-07,170.34068136272546,0.0381333325545574
47.294589178356716,0.045929267646172646,0.008547094188376753,8.547094188376754,0.06650416344449386,1.7094188376753506e-07,170.94188376753507,0.03726903592713573
47.69539078156313,0.04464554155287803,0.008577154308617234,8.577154308617235,0.06601159102694992,1.7154308617234467e-07,171.54308617234466,0.036413876299825426
48.09619238476954,0.04336800193677661,0.008607214428857715,8.607214428857715,0.06551977118182709,1.721442885771543e-07,172.1442885771543,0.03556776745873687
48.496993987975955,0.04209673193474686,0.008637274549098196,8.637274549098196,0.06502870885838939,1.7274549098196393e-07,172.74549098196394,0.034730628730918825
48.897795591182366,0.040831827599051164,0.008667334669338677,8.667334669338677,0.06453840885021453,1.7334669338677353e-07,173.34669338677352,0.033902385383375554
49.298597194388776,0.039573399749476934,0.008697394789579158,8.697394789579159,0.06404887579272325,1.7394789579158316e-07,173.94789579158316,0.03308296906263758
49.699398797595194,0.03832157615452523,0.008727454909819639,8.727454909819638,0.06356011416084091,1.745490981963928e-07,174.54909819639278,0.032272318280516
50.100200400801604,0.03707650411058246,0.00875751503006012,8.75751503006012,0.06307212826679488,1.751503006012024e-07,175.1503006012024,0.03147037895248038
50.501002004008015,0.035838353504664494,0.0087875751503006,8.7875751503006,0.06258492225805294,1.7575150300601202e-07,175.75150300601203,0.030677104996040074
50.90180360721443,0.03460732046752988,0.008817635270541082,8.817635270541082,0.062098500115406484,1.7635270541082165e-07,176.35270541082164,0.029892458997597224
51.30260521042084,0.033383631751099846,0.008847695390781563,8.847695390781563,0.06161286565120308,1.7695390781563126e-07,176.95390781563125,0.029116412957496354
51.703406813627254,0.03216754999901829,0.008877755511022043,8.877755511022043,0.06112802250773325,1.7755511022044086e-07,177.55511022044087,0.028348949124455416
52.10420841683367,0.030959380124309453,0.008907815631262524,8.907815631262524,0.0606439741557759,1.781563126252505e-07,178.15631262525048,0.02759006093225162
52.50501002004008,0.02975947706668355,0.008937875751503007,8.937875751503007,0.06016072389330762,1.7875751503006012e-07,178.75751503006012,0.026839754053488585
52.90581162324649,0.028568255278527653,0.008967935871743486,8.967935871743487,0.05967827484438039,1.7935871743486972e-07,179.35871743486973,0.026098047587533105
53.30661322645291,0.027386200388866678,0.008997995991983969,8.997995991983968,0.05919662995817311,1.7995991983967935e-07,179.95991983967934,0.02536497540231634
53.70741482965932,0.026213883626484115,0.009028056112224448,9.028056112224448,0.0587157920082226,1.8056112224448898e-07,180.56112224448898,0.024640587652698925
54.10821643286573,0.025051979757469228,0.00905811623246493,9.058116232464931,0.05823576359183858,1.811623246492986e-07,181.1623246492986,0.02392495250154408
54.50901803607215,0.0239012895225667,0.00908817635270541,9.08817635270541,0.05775654712970983,1.8176352705410822e-07,181.7635270541082,0.023218158073575936
54.90981963927856,0.02276276786384719,0.009118236472945893,9.118236472945892,0.057278144865705566,1.8236472945891785e-07,182.36472945891785,0.022520314676561695
55.31062124248497,0.021637559630975,0.009148296593186372,9.148296593186371,0.056800558866880305,1.8296593186372745e-07,182.96593186372746,0.021831557329366202
55.71142284569139,0.02052704498149666,0.009178356713426854,9.178356713426854,0.05632379102368642,1.8356713426853705e-07,183.56713426853705,0.021152048641987227
56.1122244488978,0.019432897365217403,0.009208416833667334,9.208416833667334,0.055847843050403065,1.8416833667334668e-07,184.1683366733467,0.02048198209873653
56.51302605210421,0.018357157830789037,0.009238476953907816,9.238476953907817,0.05537271648578673,1.8476953907815631e-07,184.76953907815633,0.019821585802162436
56.91382765531062,0.017302330406186252,0.009268537074148295,9.268537074148295,0.054898412693952146,1.8537074148296592e-07,185.3707414829659,0.019171126741869673
57.31462925851704,0.01627150440291898,0.009298597194388778,9.298597194388778,0.05442493286548964,1.8597194388777555e-07,185.97194388777555,0.01853091565866702
57.71543086172345,0.01526851042579204,0.009328657314629257,9.328657314629258,0.053952278018828737,1.8657314629258518e-07,186.57314629258516,0.017901312579769495
58.11623246492986,0.014298117025539028,0.00935871743486974,9.35871743486974,0.053480449001854294,1.8717434869739478e-07,187.17434869739478,0.017282733104027146
58.517034068136276,0.013366272993014135,0.00938877755511022,9.388777555110218,0.05300944649378619,1.8777555110220438e-07,187.7755511022044,0.016675655515709466
58.91783567134269,0.012480393662758929,0.009418837675350702,9.418837675350701,0.052539271007329656,1.8837675350701404e-07,188.37675350701403,0.016080628798811197
59.3186372745491,0.011649673641910791,0.009448897795591181,9.448897795591181,0.05206992289110817,1.8897795591182364e-07,188.97795591182364,0.015498281607638938
59.719438877755515,0.010885376047918551,0.009478957915831664,9.478957915831664,0.051601402332387115,1.8957915831663325e-07,189.57915831663325,0.014929332218595798
60.120240480961925,0.010200991949728242,0.009509018036072143,9.509018036072144,0.051133709360101386,1.9018036072144288e-07,190.18036072144287,0.014374599435713335
60.521042084168336,0.009612083358842198,0.009539078156312625,9.539078156312625,0.05066684384819609,1.907815631262525e-07,190.7815631262525,0.013835014339356917
60.92184368737475,0.009135547298564447,0.009569138276553106,9.569138276553106,0.05020080551929499,1.913827655310621e-07,191.38276553106212,0.013311632641812439
61.322645290581164,0.008788052039820117,0.009599198396793587,9.599198396793588,0.049735593948707794,1.9198396793587174e-07,191.98396793587173,0.012805647230788642
61.723446893787575,0.008583631990340974,0.009629258517034068,9.629258517034069,0.0492712085687911,1.9258517034068137e-07,192.58517034068137,0.012318400226376655
62.12424849699399,0.00853093484760411,0.00965931863727455,9.659318637274549,0.04880764867367771,1.9318637274549097e-07,193.18637274549098,0.011851393533978842
62.5250501002004,0.008631133920836465,0.00968937875751503,9.68937875751503,0.04834491342438942,1.9378757515030058e-07,193.78757515030057,0.011406296437016862
62.92585170340681,0.008877509743900232,0.009719438877755511,9.719438877755511,0.04788300185435054,1.943887775551102e-07,194.3887775551102,0.010984948246803041
63.32665330661323,0.009256933993098064,0.009749498997995992,9.749498997995993,0.04742191287531979,1.9498997995991984e-07,194.98997995991985,0.010589353451518922
63.72745490981964,0.009752515458101846,0.009779559118236473,9.779559118236472,0.04696164528375923,1.9559118236472944e-07,195.59118236472943,0.010221666270639217
64.12825651302606,0.01034629373672895,0.009809619238476954,9.809619238476953,0.046502197767661436,1.9619238476953907e-07,196.19238476953907,0.009884161184481455
64.52905811623246,0.011021217518663067,0.009839679358717435,9.839679358717435,0.0460435689138559,1.967935871743487e-07,196.79358717434872,0.009579186110507436
64.92985971943888,0.011762221558233543,0.009869739478957916,9.869739478957916,0.04558575721581832,1.973947895791583e-07,197.3947895791583,0.00930909574019077
65.3306613226453,0.012556587905741831,0.009899799599198397,9.899799599198397,0.045128761082008126,1.9799599198396794e-07,197.99599198396794,0.009076164424163816
65.7314629258517,0.013393874699220893,0.009929859719438877,9.929859719438877,0.04467257884476062,1.9859719438877757e-07,198.59719438877755,0.008882481037764888
66.13226452905812,0.014265643056857027,0.009959919839679358,9.959919839679358,0.044217208769763004,1.9919839679358717e-07,199.19839679358716,0.008729832265429175
66.53306613226454,0.015165124975111974,0.00998997995991984,9.98997995991984,0.04376264906614537,1.9979959919839677e-07,199.79959919839678,0.00861958499001628
66.93386773547094,0.016086904850986614,0.01002004008016032,10.02004008016032,0.043308897897219895,2.004008016032064e-07,200.4008016032064,0.008552581739795395
67.33466933867736,0.017026643860285184,0.010050100200400801,10.0501002004008,0.042855953391904435,2.0100200400801603e-07,201.00200400801603,0.008529064025633758
67.73547094188378,0.017980853744587095,0.010080160320641282,10.080160320641282,0.04240381365686963,2.0160320641282564e-07,201.60320641282564,0.008548635913263283
68.13627254509018,0.01894671643574046,0.010110220440881763,10.110220440881763,0.041952476789450986,2.0220440881763527e-07,202.20440881763525,0.008610274394566768
68.5370741482966,0.01992194243340978,0.010140280561122244,10.140280561122244,0.04150194089137174,2.028056112224449e-07,202.8056112224449,0.008712385404383252
68.93787575150301,0.020904660428219188,0.010170340681362725,10.170340681362726,0.04105220408332507,2.034068136272545e-07,203.4068136272545,0.00885289687337025
69.33867735470942,0.021893331480124407,0.010200400801603206,10.200400801603205,0.040603264520469154,2.040080160320641e-07,204.0080160320641,0.009029375114447612
69.73947895791584,0.022886682233492682,0.010230460921843687,10.230460921843687,0.0401551204088919,2.0460921843687376e-07,204.60921843687376,0.009239149228724408
70.14028056112225,0.02388365279585335,0.010260521042084168,10.260521042084168,0.03970777002310794,2.0521042084168336e-07,205.21042084168337,0.009479429898296534
70.54108216432866,0.024883355889586595,0.01029058116232465,10.290581162324651,0.03926121172465505,2.0581162324649297e-07,205.81162324649296,0.009747412748039877
70.94188376753507,0.025885044677596464,0.01032064128256513,10.320641282565129,0.0388154439818636,2.064128256513026e-07,206.4128256513026,0.010040360947603817
71.34268537074149,0.0268880872815481,0.010350701402805612,10.350701402805612,0.03837046539087756,2.0701402805611223e-07,207.01402805611224,0.010355665715201925
71.7434869739479,0.02789194648429181,0.010380761523046091,10.380761523046091,0.03792627469801482,2.0761523046092183e-07,207.61523046092182,0.01069088625305302
72.14428857715431,0.028896163467014156,0.010410821643286574,10.410821643286575,0.03748287082355934,2.0821643286573146e-07,208.21643286573146,0.011043772277828877
72.54509018036072,0.02990034470281551,0.010440881763527053,10.440881763527052,0.037040252887088794,2.088176352705411e-07,208.8176352705411,0.011412272915640342
72.94589178356713,0.030904151333079295,0.010470941883767536,10.470941883767535,0.036598420234447815,2.094188376753507e-07,209.4188376753507,0.011794535637884575
73.34669338677355,0.03190729050764779,0.010501002004008015,10.501002004008015,0.03615737246648974,2.100200400801603e-07,210.0200400801603,0.01218889843469986
73.74749498997996,0.032909508287008726,0.010531062124248498,10.531062124248498,0.0357171094697181,2.1062124248496993e-07,210.62124248496994,0.01259387779297297
74.14829659318637,0.03391058379380231,0.010561122244488977,10.561122244488978,0.035277631448974105,2.1122244488977956e-07,211.22244488977955,0.013008154414954797
74.54909819639279,0.0349103243690148,0.01059118236472946,10.591182364729459,0.03483893896232685,2.1182364729458916e-07,211.82364729458916,0.01343055805932531
74.9498997995992,0.03590856154044306,0.010621242484969939,10.621242484969939,0.034401032958341196,2.124248496993988e-07,212.42484969939878,0.013860052438107336
75.35070140280561,0.036905147651275595,0.010651302605210421,10.651302605210422,0.033963914815910864,2.1302605210420842e-07,213.02605210420842,0.01429572076083253
75.75150300601203,0.037899953027843596,0.0106813627254509,10.681362725450901,0.03352758638686656,2.1362725450901802e-07,213.62725450901803,0.014736752268634577
76.15230460921843,0.03889286358990016,0.010711422845691383,10.711422845691382,0.03309205004158466,2.1422845691382765e-07,214.22845691382764,0.015182429927535037
76.55310621242485,0.03988377882582062,0.010741482965931862,10.741482965931862,0.03265730871784858,2.1482965931863728e-07,214.82965931863728,0.01563211933430252
76.95390781563127,0.040872610070093005,0.010771543086172345,10.771543086172345,0.03222336597323518,2.154308617234469e-07,215.4308617234469,0.01608525881449763
77.35470941883767,0.04185927903231199,0.010801603206412824,10.801603206412825,0.03179022604132962,2.160320641282565e-07,216.03206412825648,0.016541350648313597
77.75551102204409,0.04284371653630867,0.010831663326653307,10.831663326653306,0.03135789389209935,2.1663326653306612e-07,216.63326653306612,0.01699995333619368
78.15631262525051,0.04382586143555937,0.010861723446893786,10.861723446893786,0.030926375296793703,2.1723446893787575e-07,217.23446893787576,0.01746067480606228
78.55711422845691,0.04480565967705487,0.010891783567134269,10.891783567134269,0.03049567689777049,2.1783567134268535e-07,217.83567134268534,0.017923166462456803
78.95791583166333,0.04578306349066956,0.010921843687374748,10.921843687374748,0.030065806283695387,2.1843687374749498e-07,218.43687374749499,0.01838711798149934
79.35871743486975,0.04675803068500377,0.01095190380761523,10.951903807615231,0.029636772070602356,2.1903807615230461e-07,219.03807615230463,0.018852252762214545
79.75951903807615,0.04773052403387599,0.010981963927855712,10.98196392785571,0.0292085839893587,2.1963927855711422e-07,219.6392785571142,0.019318323952677477
80.16032064128257,0.048700510740247144,0.011012024048096192,11.012024048096192,0.028781252980131407,2.2024048096192385e-07,220.24048096192385,0.01978511097790196
80.56112224448898,0.04966796196650517,0.011042084168336673,11.042084168336673,0.028354791294518903,2.2084168336673345e-07,220.84168336673346,0.020252416504670735
80.96192384769539,0.05063285242179447,0.011072144288577154,11.072144288577155,0.02792921260608085,2.2144288577154308e-07,221.44288577154308,0.020720063786326216
81.3627254509018,0.05159515999853262,0.011102204408817635,11.102204408817634,0.027504532130079407,2.220440881763527e-07,222.04408817635272,0.02118789433770908
81.76352705410822,0.05255486545145953,0.011132264529058116,11.132264529058116,0.027080766753333613,2.2264529058116231e-07,222.64529058116233,0.021655765896885493
82.16432865731463,0.05351195211356826,0.011162324649298597,11.162324649298597,0.0266579351751878,2.2324649298597194e-07,223.24649298597194,0.022123550636031213
82.56513026052104,0.05446640564410514,0.011192384769539078,11.192384769539078,0.026236058060706113,2.2384769539078155e-07,223.84769539078155,0.022591133588879923
82.96593186372746,0.055418213804523137,0.011222444889779559,11.22244488977956,0.02581515820732866,2.2444889779559118e-07,224.44889779559117,0.023058411266543552
83.36673346693387,0.056367366258866625,0.01125250501002004,11.25250501002004,0.025395260726364347,2.250501002004008e-07,225.0501002004008,0.02352529043733254
83.76753507014028,0.057313854395558105,0.01128256513026052,11.28256513026052,0.024976393240850533,2.256513026052104e-07,225.65130260521042,0.023991687049515754
84.1683366733467,0.05825767116797725,0.011312625250501002,11.312625250501002,0.024558586101483,2.2625250501002004e-07,226.25250501002003,0.024457525278813598
84.5691382765531,0.05919881095158096,0.011342685370741483,11.342685370741483,0.024141872622515454,2.2685370741482964e-07,226.85370741482964,0.024922736684881205
84.96993987975952,0.060137269415609824,0.011372745490981963,11.372745490981963,0.023726289339744907,2.2745490981963927e-07,227.45490981963928,0.02538725946315832
85.37074148296594,0.06107304340768984,0.011402805611222444,11.402805611222444,0.02331187629294255,2.2805611222444888e-07,228.05611222444887,0.025851037780285146
85.77154308617234,0.0620061308498543,0.011432865731462925,11.432865731462925,0.022898677335363174,2.286573146292585e-07,228.6573146292585,0.02631402118285351
86.17234468937876,0.06293653064470038,0.011462925851703406,11.462925851703407,0.022486740473269366,2.2925851703406814e-07,229.25851703406815,0.026776164070611907
86.57314629258518,0.06386424259055845,0.011492985971943887,11.492985971943888,0.022076118238746147,2.2985971943887774e-07,229.85971943887773,0.02723742522640571
86.97394789579158,0.06478926730468758,0.011523046092184368,11.523046092184368,0.021666868099459856,2.3046092184368737e-07,230.46092184368737,0.027697767396134602
87.374749498998,0.06571160615363775,0.011553106212424849,11.553106212424849,0.02125905290943451,2.3106212424849698e-07,231.06212424849699,0.02815715691287285
87.77555110220442,0.06663126119001506,0.01158316633266533,11.58316633266533,0.020852741405384047,2.316633266533066e-07,231.6633266533066,0.0286155633600426
88.17635270541082,0.067548235094984,0.011613226452905811,11.613226452905812,0.020448008753652595,2.3226452905811624e-07,232.26452905811624,0.029072959269174414
88.57715430861724,0.06846253112591454,0.011643286573146292,11.643286573146291,0.02004493715337961,2.3286573146292584e-07,232.86573146292585,0.029529319848345892
88.97795591182366,0.06937415306865088,0.011673346693386773,11.673346693386772,0.019643616502124508,2.3346693386773547e-07,233.46693386773546,0.029984622737871232
89.37875751503006,0.07028310519394143,0.011703406813627255,11.703406813627256,0.019244145130854647,2.3406813627254507e-07,234.06813627254508,0.03043884779023304
89.77955911823648,0.07118939221761576,0.011733466933867735,11.733466933867735,0.01884663061592318,2.346693386773547e-07,234.66933867735472,0.030891976871611222
90.1803607214429,0.07209301926414544,0.011763527054108217,11.763527054108216,0.018451190676426723,2.3527054108216433e-07,235.27054108216433,0.03134399368267889
90.5811623246493,0.07299399183326255,0.011793587174348696,11.793587174348696,0.01805795416613676,2.3587174348697394e-07,235.87174348697394,0.0317948835966111
90.98196392785572,0.07389231576934557,0.011823647294589179,11.823647294589179,0.017667062170014566,2.3647294589178357e-07,236.47294589178355,0.03224463351249167
91.38276553106213,0.0747879972333138,0.011853707414829658,11.853707414829659,0.017278669216133566,2.3707414829659317e-07,237.07414829659317,0.032693231722513566
91.78356713426854,0.0756810426767966,0.011883767535070141,11.883767535070142,0.016892944614595104,2.376753507014028e-07,237.6753507014028,0.03314066779155051
92.18436873747495,0.07657145881837261,0.01191382765531062,11.91382765531062,0.016510073935690022,2.3827655310621243e-07,238.27655310621242,0.03358693244783941
92.58517034068136,0.07745925262168887,0.011943887775551103,11.943887775551103,0.01613026064004026,2.38877755511022e-07,238.877755511022,0.034032017483653317
92.98597194388778,0.07834443127529439,0.011973947895791582,11.973947895791582,0.01575372787365695,2.3947895791583166e-07,239.47895791583167,0.03447591566496825
93.3867735470942,0.0792270021740371,0.012004008016032065,12.004008016032065,0.015380720440616913,2.4008016032064127e-07,240.08016032064126,0.03491862064923661
93.7875751503006,0.0801069729018862,0.012034068136272544,12.034068136272543,0.015011506965205633,2.406813627254509e-07,240.68136272545092,0.035360126910476006
94.18837675350701,0.08098435121606093,0.012064128256513026,12.064128256513026,0.014646382253632942,2.412825651302605e-07,241.28256513026054,0.035800429670965465
94.58917835671343,0.0818591450323504,0.012094188376753506,12.094188376753506,0.014285669862474574,2.4188376753507013e-07,241.88376753507012,0.036239524838918485
94.98997995991984,0.08273136241152819,0.012124248496993988,12.124248496993989,0.013929724876387124,2.4248496993987973e-07,242.48496993987973,0.036677408951565425
95.39078156312625,0.08360101154676874,0.012154308617234467,12.154308617234468,0.013578936890853972,2.4308617234468934e-07,243.08617234468934,0.03711407912313874
95.79158316633267,0.08446810075198273,0.01218436873747495,12.18436873747495,0.013233733186065317,2.43687374749499e-07,243.68737474949899,0.03754953299730569
96.19238476953907,0.0853326384509997,0.01221442885771543,12.21442885771543,0.012894582064718765,2.442885771543086e-07,244.2885771543086,0.037983768703638614
96.59318637274549,0.08619463316752586,0.012244488977955912,12.244488977955912,0.012561996308598214,2.4488977955911825e-07,244.88977955911827,0.03841678481775577
96.99398797595191,0.08705409351581869,0.012274549098196391,12.274549098196392,0.012236536685212625,2.4549098196392786e-07,245.49098196392785,0.0388485803247999
97.39478957915831,0.08791102819202014,0.012304609218436874,12.304609218436873,0.011918815405463211,2.4609218436873746e-07,246.09218436873746,0.03927915458595689
97.79559118236473,0.08876544596609795,0.012334669338677353,12.334669338677353,0.01160949939528255,2.4669338677354706e-07,246.69338677354708,0.0397085073077435
98.19639278557115,0.08961735567434842,0.012364729458917836,12.364729458917836,0.01130931319777017,2.4729458917835667e-07,247.29458917835666,0.04013663851382125
98.59719438877755,0.09046676621241588,0.012394789579158317,12.394789579158317,0.011019041267528935,2.478957915831663e-07,247.89579158316633,0.04056354851911556
98.99799599198397,0.09131368652879364,0.012424849699398798,12.424849699398797,0.010739529356801683,2.48496993987976e-07,248.49699398797597,0.04098923790604037
99.39879759519039,0.09215812561876617,0.012454909819639278,12.454909819639278,0.010471684626533207,2.490981963927856e-07,249.09819639278558,0.041413707502647695
99.79959919839679,0.09300009251876278,0.01248496993987976,12.48496993987976,0.010216474050108117,2.496993987975952e-07,249.6993987975952,0.0418369583625378
100.20040080160321,0.09383959630109183,0.01251503006012024,12.51503006012024,0.009974920622084743,2.503006012024048e-07,250.30060120240478,0.042258991746380745
100.60120240480963,0.09467664606902672,0.012545090180360721,12.545090180360722,0.009748096851590733,2.509018036072144e-07,250.9018036072144,0.042679809104914
101.00200400801603,0.09551125095222077,0.012575150300601202,12.575150300601202,0.009537115027067222,2.5150300601202405e-07,251.50300601202406,0.04309941206329335
101.40280561122245,0.09634342010242448,0.012605210420841683,12.605210420841683,0.009343113805729247,2.5210420841683365e-07,252.10420841683364,0.043517802406683924
101.80360721442887,0.09717316268948675,0.012635270541082164,12.635270541082164,0.009167240827888539,2.527054108216433e-07,252.7054108216433,0.04393498206699059
102.20440881763527,0.09800048789761805,0.012665330661322645,12.665330661322646,0.009010631299333924,2.533066132264529e-07,253.30661322645292,0.04435095311063287
102.60521042084169,0.09882540492189851,0.012695390781563126,12.695390781563125,0.008874382829409335,2.539078156312625e-07,253.9078156312625,0.044765717727281
103.0060120240481,0.09964792296501365,0.012725450901803607,12.725450901803606,0.008759527244522938,2.545090180360721e-07,254.50901803607212,0.04517927821947404
103.40681362725451,0.10046805123420201,0.012755511022044088,12.755511022044088,0.008667000577319436,2.551102204408817e-07,255.11022044088173,0.04559163699305006
103.80761523046093,0.1012857989384015,0.012785571142284569,12.785571142284569,0.00859761289396664,2.557114228456914e-07,255.71142284569137,0.04600279654832282
104.20841683366734,0.10210117528557908,0.012815631262525051,12.815631262525052,0.008552019978099583,2.56312625250501e-07,256.31262525050096,0.04641275947194603
104.60921843687375,0.10291418948023365,0.01284569138276553,12.84569138276553,0.008530699047352012,2.5691382765531064e-07,256.9138276553106,0.04682152842941034
105.01002004008016,0.10372485072105996,0.012875751503006013,12.875751503006013,0.008533930564383712,2.5751503006012024e-07,257.51503006012024,0.047229106158123375
105.41082164328658,0.10453316819876159,0.012905811623246492,12.905811623246493,0.008561787792072558,2.5811623246492985e-07,258.11623246492985,0.047635495461027307
105.81162324649299,0.10533915109400666,0.012935871743486975,12.935871743486976,0.008614135068510055,2.5871743486973945e-07,258.71743486973946,0.04804069920071126
106.2124248496994,0.10614280857551298,0.012965931863727454,12.965931863727453,0.008690634940833077,2.5931863727454905e-07,259.3186372745491,0.04844472029398093
106.61322645290582,0.10694414979825782,0.012995991983967937,12.995991983967937,0.008790763438498755,2.599198396793587e-07,259.9198396793587,0.048847561706849285
107.01402805611222,0.10774318390180233,0.013026052104208416,13.026052104208416,0.008913832032566966,2.6052104208416837e-07,260.52104208416836,0.04924922644991612
107.41482965931864,0.10853992000872371,0.013056112224448899,13.0561122244489,0.00905901433150098,2.6112224448897797e-07,261.12224448897797,0.04964971757410649
107.81563126252506,0.10933436722314993,0.013086172344689378,13.086172344689377,0.00922537536080562,2.617234468937876e-07,261.7234468937876,0.050049038166740556
108.21643286573146,0.11012653462938751,0.01311623246492986,13.11623246492986,0.009411901353532792,2.623246492985972e-07,262.3246492985972,0.05044719134790909
108.61723446893788,0.11091643129064037,0.01314629258517034,13.14629258517034,0.009617528279679993,2.629258517034068e-07,262.9258517034068,0.050844180267131917
109.0180360721443,0.11170406624781058,0.013176352705410822,13.176352705410823,0.009841167776048073,2.6352705410821644e-07,263.5270541082164,0.05124000810027705
109.4188376753507,0.11248944851837905,0.013206412825651302,13.206412825651302,0.010081729613956546,2.6412825651302604e-07,264.12825651302603,0.051634678046721234
109.81963927855712,0.11327258709535935,0.013236472945891784,13.236472945891784,0.010338140287441027,2.647294589178357e-07,264.7294589178357,0.052028193326733516
110.22044088176354,0.11405349094632032,0.013266533066132263,13.266533066132263,0.01060935767253256,2.653306613226453e-07,265.3306613226453,0.052420557179064325
110.62124248496994,0.11483216901247534,0.013296593186372746,13.296593186372746,0.010894381978576869,2.659318637274549e-07,265.9318637274549,0.0528117728587256
111.02204408817636,0.11560863020783162,0.013326653306613225,13.326653306613226,0.011192263385588803,2.665330661322645e-07,266.53306613226454,0.05320184363494638
111.42284569138278,0.11638288341839739,0.013356713426853708,13.356713426853707,0.01150210685069614,2.671342685370741e-07,267.1342685370741,0.053590772789291405
111.82364729458918,0.11715493750144385,0.013386773547094187,13.386773547094187,0.011823074591083926,2.6773547094188377e-07,267.73547094188376,0.05397856361393009
112.2244488977956,0.11792480128481815,0.01341683366733467,13.41683366733467,0.012154386730500734,2.6833667334669337e-07,268.3366733466934,0.05436521941004425
112.62525050100201,0.11869248356630421,0.013446893787575149,13.44689378757515,0.012495320548885027,2.6893787575150303e-07,268.93787575150304,0.054750743486365085
113.02605210420842,0.11945799311302858,0.013476953907815632,13.476953907815632,0.012845208713785207,2.6953907815631263e-07,269.53907815631266,0.05513513915782811
113.42685370741484,0.12022133866091035,0.01350701402805611,13.50701402805611,0.01320343680775162,2.7014028056112224e-07,270.1402805611222,0.05551840974433864
113.82765531062124,0.12098252891414991,0.013537074148296593,13.537074148296593,0.013569440404078504,2.7074148296593184e-07,270.7414829659318,0.05590055856963848
114.22845691382766,0.12174157254475607,0.013567134268537073,13.567134268537073,0.013942701887713864,2.7134268537074144e-07,271.34268537074144,0.05628158896026647
114.62925851703407,0.12249847819211028,0.013597194388777555,13.597194388777556,0.014322747170443646,2.719438877755511e-07,271.9438877755511,0.05666150424460594
115.03006012024048,0.12325325446256213,0.013627254509018034,13.627254509018034,0.014709142409891556,2.725450901803607e-07,272.5450901803607,0.057040307752011805
115.4308617234469,0.12400590992905962,0.013657314629258517,13.657314629258517,0.015101490810000754,2.7314629258517036e-07,273.1462925851704,0.05741800281201233
115.83166332665331,0.1247564531308071,0.013687374749498996,13.687374749498996,0.015499429555606998,2.7374749498997996e-07,273.74749498997994,0.05779459275357866
116.23246492985972,0.1255048925729534,0.013717434869739479,13.71743486973948,0.015902626914464344,2.7434869739478957e-07,274.34869739478955,0.058170080904457855
116.63326653306613,0.12625123672630584,0.013747494989979958,13.747494989979959,0.016310779525614466,2.7494989979959917e-07,274.94989979959917,0.058544470590563856
117.03406813627255,0.12699549402706958,0.01377755511022044,13.77755511022044,0.016723609882370063,2.7555110220440877e-07,275.5511022044088,0.058917765135422344
117.43486973947896,0.12773767287661164,0.01380761523046092,13.80761523046092,0.017140864010580244,2.7615230460921843e-07,276.15230460921845,0.05928996785966535
117.83567134268537,0.12847778164124687,0.013837675350701403,13.837675350701403,0.017562309337583987,2.767535070140281e-07,276.75350701402806,0.05966108208057111
118.23647294589179,0.12921582865204537,0.013867735470941882,13.867735470941883,0.017987732743763384,2.773547094188377e-07,277.3547094188377,0.060031111111646475
118.6372745490982,0.1299518222046605,0.013897795591182364,13.897795591182364,0.018416938786440483,2.779559118236473e-07,277.9559118236473,0.06040005826224813
119.03807615230461,0.13068577055917574,0.013927855711422844,13.927855711422843,0.018849748084659283,2.785571142284569e-07,278.5571142284569,0.0607679268372391
119.43887775551103,0.1314176819399697,0.013957915831663326,13.957915831663327,0.01928599585289166,2.791583166332665e-07,279.1583166332665,0.061134720136678755
119.83967935871743,0.13214756453559753,0.013987975951903805,13.987975951903806,0.019725530571687275,2.7975951903807616e-07,279.7595190380762,0.06150044145554252
120.24048096192385,0.1328754264986901,0.014018036072144288,14.018036072144287,0.020168212783605078,2.8036072144288576e-07,280.36072144288573,0.06186509408346968
120.64128256513027,0.13360127594586652,0.014048096192384767,14.048096192384767,0.02061391400329126,2.809619238476954e-07,280.9619238476954,0.062228681304536806
121.04208416833667,0.13432512095766214,0.01407815631262525,14.07815631262525,0.021062515731232117,2.81563126252505e-07,281.563126252505,0.06259120639705411
121.44288577154309,0.13504696957847048,0.014108216432865733,14.108216432865733,0.021513908561436753,2.821643286573146e-07,282.1643286573146,0.06295267263338403
121.8436873747495,0.13576682981649701,0.014138276553106212,14.138276553106213,0.02196799137406299,2.8276553106212423e-07,282.76553106212424,0.06331308327977876
122.24448897795591,0.13648470964372642,0.014168336673346694,14.168336673346694,0.022424670604748925,2.8336673346693383e-07,283.36673346693385,0.06367244159623629
122.64529058116233,0.13720061699589975,0.014198396793587174,14.198396793587174,0.02288385958314104,2.839679358717435e-07,283.96793587174346,0.06403075083637277
123.04609218436875,0.13791455977250458,0.014228456913827656,14.228456913827657,0.023345477933801685,2.845691382765531e-07,284.5691382765531,0.06438801424730967
123.44689378757515,0.13862654583677372,0.014258517034068136,14.258517034068136,0.023809451033324002,2.8517034068136275e-07,285.17034068136275,0.06474423506957509
123.84769539078157,0.13933658301569427,0.014288577154308618,14.288577154308618,0.024275709518084526,2.8577154308617235e-07,285.77154308617236,0.06509941653701723
124.24849699398798,0.1400446791000264,0.014318637274549097,14.318637274549097,0.024744188837611984,2.8637274549098195e-07,286.37274549098197,0.06545356187672935
124.64929859719439,0.1407508418443301,0.01434869739478958,14.34869739478958,0.02521482884905717,2.8697394789579156e-07,286.9739478957916,0.06580667430898497
125.0501002004008,0.1414550789670006,0.01437875751503006,14.37875751503006,0.025687573448702775,2.8757515030060116e-07,287.57515030060114,0.06615875704718252
125.45090180360722,0.1421573981503115,0.014408817635270542,14.408817635270541,0.02616237023686847,2.881763527054108e-07,288.1763527054108,0.06650981329779834
125.85170340681363,0.14285780704046522,0.014438877755511021,14.43887775551102,0.026639170212937942,2.887775551102204e-07,288.7775551102204,0.06685984626034726
126.25250501002004,0.14355631324765075,0.014468937875751504,14.468937875751504,0.02711792749757132,2.893787575150301e-07,289.3787575150301,0.0672088591273503
126.65330661322646,0.14425292434610684,0.014498997995991983,14.498997995991983,0.02759859907946746,2.899799599198397e-07,289.9799599198397,0.0675568550843082
127.05410821643287,0.14494764787419329,0.014529058116232466,14.529058116232466,0.028081144584312212,2.905811623246493e-07,290.5811623246493,0.06790383730968068
127.45490981963928,0.14564049133446635,0.014559118236472945,14.559118236472944,0.028565526063789003,2.911823647294589e-07,291.18236472945887,0.06824980897487068
127.8557114228457,0.14633146219376048,0.014589178356713427,14.589178356713427,0.0290517078027479,2.917835671342685e-07,291.7835671342685,0.0685947732442127
128.25651302605212,0.14702056788327514,0.014619238476953907,14.619238476953907,0.02953965614282013,2.9238476953907815e-07,292.38476953907815,0.06893873327496532
128.6573146292585,0.14770781579866696,0.01464929859719439,14.64929859719439,0.03002933932094177,2.929859719438878e-07,292.9859719438878,0.06928169221730686
129.05811623246493,0.14839321330014563,0.014679358717434868,14.679358717434868,0.030520727321402624,2.935871743486974e-07,293.58717434869743,0.06962365321433422
129.45891783567134,0.14907676771257483,0.014709418837675351,14.70941883767535,0.03101379174017761,2.94188376753507e-07,294.188376753507,0.06996461940206432
129.85971943887776,0.14975848632557742,0.01473947895791583,14.73947895791583,0.03150850566041957,2.947895791583166e-07,294.7895791583166,0.07030459390943769
130.26052104208418,0.15043837639364405,0.014769539078156313,14.769539078156313,0.032004843538106606,2.953907815631262e-07,295.3907815631262,0.07064357985832388
130.6613226452906,0.15111644513624517,0.014799599198396792,14.799599198396793,0.03250278109693217,2.959919839679359e-07,295.9919839679359,0.0709815803635287
131.06212424849699,0.15179269973794748,0.014829659318637275,14.829659318637274,0.03300229523161994,2.965931863727455e-07,296.5931863727455,0.07131859853280274
131.4629258517034,0.1524671473485332,0.014859719438877754,14.859719438877754,0.033503363918920344,2.9719438877755513e-07,297.19438877755516,0.07165463746685091
131.86372745490982,0.1531397950831214,0.014889779559118237,14.889779559118237,0.034005966135621214,2.9779559118236474e-07,297.7955911823647,0.07198970025934275
132.26452905811624,0.15381065002229327,0.014919839679358716,14.919839679358716,0.03451008178296574,2.9839679358717434e-07,298.39679358717433,0.07232378999692395
132.66533066132266,0.1544797192122203,0.014949899799599198,14.949899799599198,0.035015691616930585,2.9899799599198395e-07,298.99799599198394,0.07265690975922759
133.06613226452907,0.15514700966479386,0.014979959919839678,14.979959919839677,0.035522777183867045,2.9959919839679355e-07,299.59919839679355,0.0729890626188862
133.46693386773546,0.15581252835775738,0.01501002004008016,15.01002004008016,0.03603132076105586,3.002004008016032e-07,300.2004008016032,0.07332025164154399
133.86773547094188,0.15647628223484175,0.01504008016032064,15.04008016032064,0.03654130530176618,3.008016032064128e-07,300.80160320641284,0.07365047988586872
134.2685370741483,0.1571382782059016,0.015070140280561122,15.070140280561121,0.03705271438444897,3.0140280561122247e-07,301.40280561122245,0.073979750403564
134.66933867735472,0.15779852314705353,0.015100200400801601,15.1002004008016,0.03756553216572615,3.0200400801603207e-07,302.00400801603206,0.07430806623938103
135.07014028056113,0.15845702390081698,0.015130260521042084,15.130260521042084,0.0380797433368701,3.0260521042084167e-07,302.6052104208417,0.07463543043113012
135.47094188376755,0.15911378727625597,0.015160320641282563,15.160320641282564,0.03859533308349265,3.032064128256513e-07,303.2064128256513,0.07496184600969207
135.87174348697394,0.1597688200491225,0.015190380761523046,15.190380761523047,0.03911228704819046,3.038076152304609e-07,303.8076152304609,0.07528731599902874
136.27254509018036,0.16042212896200148,0.015220440881763525,15.220440881763524,0.03963059129591274,3.0440881763527054e-07,304.4088176352705,0.0756118434161934
136.67334669338678,0.16107372072445691,0.015250501002004008,15.250501002004007,0.04015023228184122,3.0501002004008014e-07,305.0100200400801,0.07593543127134028
137.0741482965932,0.16172360201317942,0.015280561122244487,15.280561122244487,0.0406711968215865,3.056112224448898e-07,305.6112224448898,0.07625808256773378
137.4749498997996,0.1623717794721344,0.01531062124248497,15.31062124248497,0.04119347206352583,3.062124248496994e-07,306.2124248496994,0.07657980030175676
137.87575150300603,0.16301825971271153,0.015340681362725449,15.340681362725448,0.04171704546311783,3.06813627254509e-07,306.813627254509,0.07690058746291834
138.27655310621242,0.16366304931387538,0.015370741482965931,15.370741482965931,0.042241904759047745,3.074148296593186e-07,307.4148296593186,0.0772204470338609
138.67735470941884,0.1643061548223166,0.01540080160320641,15.40080160320641,0.042768037951065235,3.080160320641282e-07,308.0160320641282,0.07753938199036631
139.07815631262525,0.1649475827526034,0.015430861723446893,15.430861723446894,0.04329543327939132,3.0861723446893787e-07,308.61723446893785,0.07785739530136157
139.47895791583167,0.16558733958733468,0.015460921843687372,15.460921843687373,0.043824079205578154,3.092184368737475e-07,309.2184368737475,0.0781744899289233
139.8797595190381,0.16622543177729315,0.015490981963927855,15.490981963927855,0.04435396439471808,3.098196392785571e-07,309.81963927855713,0.07849066882828205
140.2805611222445,0.16686186574159867,0.015521042084168338,15.521042084168338,0.04488507769890271,3.1042084168336673e-07,310.42084168336675,0.07880593494782538
140.6813627254509,0.1674966478678627,0.015551102204408817,15.551102204408817,0.04541740814184499,3.1102204408817633e-07,311.02204408817636,0.07912029122910035
141.0821643286573,0.16812978451234348,0.0155811623246493,15.5811623246493,0.04595094490458079,3.1162324649298594e-07,311.6232464929859,0.07943374060681509
141.48296593186373,0.1687612820000997,0.015611222444889779,15.611222444889778,0.04648567731217391,3.122244488977956e-07,312.2244488977956,0.07974628600883994
141.88376753507015,0.16939114662514662,0.01564128256513026,15.641282565130261,0.04702159482135618,3.128256513026052e-07,312.8256513026052,0.08005793035620733
142.28456913827657,0.17001938465061128,0.01567134268537074,15.67134268537074,0.04755868700903593,3.1342685370741485e-07,313.42685370741486,0.08036867656311153
142.68537074148298,0.17064600230888818,0.015701402805611223,15.701402805611224,0.048096943561617346,3.1402805611222446e-07,314.0280561122245,0.08067852753690713
143.08617234468937,0.17127100580179452,0.015731462925851702,15.731462925851702,0.04863635426507378,3.1462925851703406e-07,314.62925851703403,0.08098748617810714
143.4869739478958,0.17189440130072675,0.015761523046092185,15.761523046092185,0.04917690899572535,3.1523046092184366e-07,315.23046092184364,0.08129555538038026
143.8877755511022,0.17251619494681594,0.015791583166332664,15.791583166332664,0.049718597711672405,3.1583166332665327e-07,315.83166332665326,0.0816027380305475
144.28857715430863,0.1731363928510835,0.015821643286573147,15.821643286573147,0.05026141044484238,3.164328657314629e-07,316.4328657314629,0.08190903700857831
144.68937875751504,0.17375500109459707,0.015851703406813626,15.851703406813627,0.050805337293607845,3.1703406813627253e-07,317.03406813627254,0.08221445518758559
145.09018036072143,0.17437202572862637,0.01588176352705411,15.881763527054108,0.0513503684159401,3.176352705410822e-07,317.6352705410822,0.08251899543382084
145.49098196392785,0.17498747277479879,0.015911823647294588,15.911823647294588,0.05189649402306105,3.182364729458918e-07,318.23647294589176,0.08282266060666796
145.89178356713427,0.17560134822525408,0.01594188376753507,15.94188376753507,0.05244370437356319,3.188376753507014e-07,318.8376753507014,0.08312545355863701
146.2925851703407,0.17621365804280056,0.01597194388777555,15.97194388777555,0.05299198976796531,3.19438877755511e-07,319.438877755511,0.08342737713535732
146.6933867735471,0.17682440816106937,0.016002004008016033,16.002004008016034,0.05354134054367799,3.200400801603206e-07,320.0400801603206,0.08372843417556983
147.09418837675352,0.17743360448466938,0.01603206412825651,16.03206412825651,0.05409174707035036,3.2064128256513025e-07,320.64128256513027,0.08402862751111928
147.4949899799599,0.17804125288934142,0.016062124248496994,16.062124248496993,0.05464319974557643,3.2124248496993986e-07,321.2424849699399,0.08432795996694575
147.89579158316633,0.17864735922211306,0.016092184368737474,16.092184368737474,0.05519568899093547,3.218436873747495e-07,321.8436873747495,0.0846264343610758
148.29659318637275,0.17925192930145156,0.016122244488977956,16.122244488977955,0.05574920524834788,3.224448897795591e-07,322.4448897795591,0.08492405350461317
148.69739478957916,0.17985496891741765,0.016152304609218435,16.152304609218437,0.056303738976724596,3.230460921843687e-07,323.0460921843687,0.08522082020172916
149.09819639278558,0.18045648383181861,0.016182364729458918,16.182364729458918,0.056859280648893354,3.236472945891783e-07,323.64729458917833,0.08551673724965259
149.498997995992,0.1810564797783611,0.016212424849699397,16.212424849699396,0.05741582074878298,3.2424849699398793e-07,324.24849699398794,0.0858118074386595
149.8997995991984,0.1816549624628025,0.01624248496993988,16.24248496993988,0.05797334976885133,3.248496993987976e-07,324.8496993987976,0.08610603355206235
150.3006012024048,0.18225193756310382,0.01627254509018036,16.27254509018036,0.05853185820773963,3.2545090180360724e-07,325.4509018036072,0.08639941836619924
150.70140280561122,0.18284741072958013,0.016302605210420842,16.302605210420843,0.05909133656814172,3.2605210420841684e-07,326.05210420841684,0.08669196465042245
151.10220440881764,0.18344138758505177,0.01633266533066132,16.33266533066132,0.05965177535487216,3.2665330661322645e-07,326.65330661322645,0.0869836751670872
151.50300601202406,0.18403387372499436,0.016362725450901804,16.362725450901802,0.06021316507312363,3.2725450901803605e-07,327.25450901803606,0.08727455267153997
151.90380761523048,0.1846248747176889,0.016392785571142283,16.392785571142284,0.06077549622689942,3.2785571142284565e-07,327.8557114228457,0.08756459991210651
152.30460921843687,0.18521439610437115,0.016422845691382765,16.422845691382765,0.061338759317612436,3.284569138276553e-07,328.4569138276553,0.08785381963007988
152.70541082164328,0.18580244339937954,0.016452905811623245,16.452905811623246,0.061902944842838425,3.290581162324649e-07,329.0581162324649,0.08814221455970826
153.1062124248497,0.18638902209030428,0.016482965931863727,16.482965931863728,0.0624680432952159,3.2965931863727457e-07,329.65931863727457,0.08842978742818271
153.50701402805612,0.18697413763813464,0.016513026052104206,16.513026052104205,0.06303404516148164,3.302605210420842e-07,330.2605210420842,0.08871654095562466
153.90781563126254,0.18755779547740553,0.01654308617234469,16.54308617234469,0.06360094092163542,3.308617234468938e-07,330.8617234468938,0.08900247785507359
154.30861723446895,0.18814000101634448,0.01657314629258517,16.573146292585168,0.06416872104822392,3.314629258517034e-07,331.4629258517034,0.08928760083247438
154.70941883767534,0.1887207596370173,0.01660320641282565,16.60320641282565,0.06473737600573856,3.32064128256513e-07,332.06412825651296,0.08957191258666479
155.11022044088176,0.18930007669547316,0.01663326653306613,16.63326653306613,0.06530689625011796,3.3266533066132264e-07,332.6653306613226,0.08985541580936289
155.51102204408818,0.18987795752188916,0.016663326653306613,16.663326653306612,0.06587727222835035,3.3326653306613225e-07,333.26653306613224,0.09013811318515434
155.9118236472946,0.1904544074207146,0.016693386773547092,16.693386773547093,0.06644849437816826,3.338677354709419e-07,333.8677354709419,0.09042000739148005
156.31262525050101,0.19102943167081388,0.016723446893787575,16.723446893787575,0.06702055312783077,3.344689378757515e-07,334.4689378757515,0.09070110109862337
156.71342685370743,0.19160303552560953,0.016753507014028054,16.753507014028052,0.06759343889598664,3.350701402805611e-07,335.07014028056113,0.0909813969696979
157.11422845691382,0.19217522421322367,0.016783567134268536,16.783567134268537,0.06816714209161431,3.356713426853707e-07,335.6713426853707,0.09126089766063486
157.51503006012024,0.19274600293662042,0.016813627254509016,16.813627254509015,0.06874165311403253,3.362725450901803e-07,336.2725450901803,0.0915396058201709
157.91583166332666,0.1933153768737455,0.0168436873747495,16.8436873747495,0.0693169623529785,3.3687374749498997e-07,336.87374749498997,0.0918175240898359
158.31663326653307,0.19388335117766675,0.016873747494989978,16.873747494989978,0.06989306018874747,3.3747494989979963e-07,337.47494989979964,0.09209465510394073
158.7174348697395,0.1944499309767135,0.01690380761523046,16.90380761523046,0.07046993699239139,3.3807615230460923e-07,338.07615230460925,0.09237100148956541
159.1182364729459,0.19501512137461532,0.016933867735470943,16.933867735470944,0.0710475831259709,3.3867735470941884e-07,338.6773547094188,0.09264656586654733
159.5190380761523,0.19557892745063962,0.016963927855711422,16.96392785571142,0.07162598894285868,3.3927855711422844e-07,339.2785571142284,0.09292135084746955
159.91983967935872,0.19614135425972942,0.016993987975951905,16.993987975951903,0.07220514478808976,3.3987975951903804e-07,339.87975951903803,0.09319535903764928
160.32064128256513,0.1967024068326398,0.017024048096192384,17.024048096192384,0.07278504099875496,3.404809619238477e-07,340.4809619238477,0.09346859303512675
160.72144288577155,0.1972620901760736,0.017054108216432867,17.054108216432866,0.07336566790443627,3.410821643286573e-07,341.0821643286573,0.09374105543065385
161.12224448897797,0.19782040927281677,0.017084168336673346,17.084168336673347,0.07394701582767857,3.416833667334669e-07,341.6833667334669,0.09401274880768364
161.5230460921844,0.19837736908187328,0.01711422845691383,17.11422845691383,0.07452907508449763,3.4228456913827656e-07,342.28456913827654,0.09428367574235928
161.92384769539078,0.19893297453859835,0.017144288577154308,17.144288577154306,0.0751118359849194,3.4288577154308617e-07,342.88577154308615,0.094553838803504
162.3246492985972,0.1994872305548318,0.01717434869739479,17.17434869739479,0.07569528883355,3.4348697394789577e-07,343.48697394789576,0.09482324055261061
162.7254509018036,0.20004014201903053,0.01720440881763527,17.20440881763527,0.07627942393017238,3.440881763527054e-07,344.08817635270543,0.09509188354383187
163.12625250501003,0.20059171379640045,0.017234468937875752,17.234468937875754,0.07686423157036926,3.4468937875751503e-07,344.68937875751504,0.09535977032397047
163.52705410821645,0.20114195072902674,0.01726452905811623,17.26452905811623,0.07744970204616793,3.4529058116232463e-07,345.29058116232466,0.09562690343247006
163.92785571142286,0.20169085763600478,0.017294589178356714,17.294589178356713,0.07803582564670766,3.4589178356713424e-07,345.8917835671342,0.09589328540140571
164.32865731462925,0.2022384393135696,0.017324649298597193,17.324649298597194,0.0786225926589251,3.464929859719439e-07,346.4929859719439,0.09615891875547553
164.72945891783567,0.20278470053522474,0.017354709418837676,17.354709418837675,0.07920999336825806,3.470941883767535e-07,347.0941883767535,0.09642380601199169
165.1302605210421,0.20332964605187012,0.017384769539078155,17.384769539078157,0.07979801805936446,3.476953907815631e-07,347.6953907815631,0.09668794968087253
165.5310621242485,0.20387328059192986,0.017414829659318638,17.414829659318638,0.08038665701685611,3.4829659318637276e-07,348.2965931863728,0.0969513522646345
165.93186372745492,0.20441560886147903,0.017444889779559117,17.444889779559116,0.08097590052604425,3.4889779559118236e-07,348.8977955911824,0.09721401625838441
166.3326653306613,0.20495663554436916,0.0174749498997996,17.4749498997996,0.08156573887369742,3.4949899799599196e-07,349.49899799599194,0.0974759441498125
166.73346693386773,0.20549636530235413,0.01750501002004008,17.50501002004008,0.082156162348808,3.501002004008016e-07,350.1002004008016,0.09773713841918515
167.13426853707415,0.20603480277521455,0.01753507014028056,17.53507014028056,0.08274716124336862,3.507014028056112e-07,350.7014028056112,0.09799760153933819
167.53507014028057,0.20657195258088143,0.01756513026052104,17.56513026052104,0.08333872585315454,3.5130260521042083e-07,351.30260521042084,0.0982573359756709
167.93587174348698,0.20710781931555974,0.017595190380761523,17.595190380761522,0.08393084647851357,3.5190380761523043e-07,351.90380761523045,0.0985163441861399
168.3366733466934,0.20764240755385074,0.017625250501002002,17.625250501002004,0.08452351342515989,3.525050100200401e-07,352.50501002004006,0.09877462862125327
168.7374749498998,0.2081757218488738,0.017655310621242485,17.655310621242485,0.08511671700497306,3.531062124248497e-07,353.1062124248497,0.09903219172406566
169.1382765531062,0.2087077667323872,0.017685370741482964,17.685370741482963,0.08571044753679898,3.537074148296593e-07,353.7074148296593,0.09928903593017306
169.53907815631263,0.20923854671490877,0.017715430861723447,17.715430861723448,0.08630469534725423,3.5430861723446895e-07,354.30861723446895,0.0995451636677084
169.93987975951904,0.20976806628583572,0.017745490981963926,17.745490981963925,0.08689945077153044,3.5490981963927855e-07,354.90981963927857,0.09980057735733701
170.34068136272546,0.210296329913563,0.01777555110220441,17.77555110220441,0.08749470415420038,3.5551102204408816e-07,355.5110220440882,0.10005527941225317
170.74148296593188,0.21082334204560216,0.017805611222444888,17.805611222444888,0.08809044585002256,3.5611222444889776e-07,356.11222444889773,0.10030927223817614
171.14228456913827,0.21134910710869867,0.01783567134268537,17.83567134268537,0.08868666622474577,3.567134268537074e-07,356.7134268537074,0.10056255823334734
171.5430861723447,0.21187362950894886,0.01786573146292585,17.86573146292585,0.08928335565591108,3.57314629258517e-07,357.314629258517,0.10081513978852727
171.9438877755511,0.21239691363191587,0.017895791583166332,17.895791583166332,0.08988050453365204,3.579158316633266e-07,357.9158316633266,0.10106701928699316
172.34468937875752,0.21291896384274564,0.01792585170340681,17.92585170340681,0.09047810326149128,3.585170340681363e-07,358.5170340681363,0.10131819910453697
172.74549098196394,0.2134397844862812,0.017955911823647294,17.955911823647295,0.09107614225713409,3.591182364729459e-07,359.1182364729459,0.10156868160946347
173.14629258517036,0.21395937988717717,0.017985971943887773,17.985971943887773,0.09167461195325723,3.597194388777555e-07,359.71943887775547,0.10181846916258895
173.54709418837675,0.2144777543500127,0.018016032064128256,18.016032064128257,0.09227350279829354,3.6032064128256514e-07,360.32064128256513,0.10206756411724036
173.94789579158316,0.21499491215940517,0.018046092184368735,18.046092184368735,0.09287280525721092,3.6092184368737475e-07,360.92184368737475,0.10231596881925432
174.34869739478958,0.2155108575801211,0.018076152304609218,18.076152304609217,0.09347250981228619,3.6152304609218435e-07,361.52304609218436,0.10256368560697719
174.749498997996,0.21602559485718834,0.018106212424849697,18.106212424849698,0.0940726069638722,3.6212424849699395e-07,362.12424849699397,0.1028107168112649
175.15030060120242,0.2165391282160067,0.01813627254509018,18.13627254509018,0.09467308723115922,3.627254509018036e-07,362.7254509018036,0.10305706475548349
175.55110220440883,0.21705146186245783,0.01816633266533066,18.16633266533066,0.09527394115292873,3.633266533066132e-07,363.3266533066132,0.10330273175550982
175.95190380761522,0.21756259998301458,0.01819639278557114,18.196392785571142,0.09587515928830057,3.639278557114228e-07,363.9278557114228,0.10354772011973287
176.35270541082164,0.21807254674485,0.01822645290581162,18.22645290581162,0.09647673221747204,3.645290581162325e-07,364.5290581162325,0.10379203214905505
176.75350701402806,0.2185813062959451,0.018256513026052103,18.256513026052104,0.09707865054244974,3.651302605210421e-07,365.1302605210421,0.10403567013689415
177.15430861723448,0.2190888827651967,0.018286573146292583,18.286573146292582,0.09768090488777235,3.657314629258517e-07,365.7314629258517,0.10427863636918565
177.5551102204409,0.21959528026252345,0.018316633266533065,18.316633266533064,0.0982834859012261,3.6633266533066134e-07,366.3326653306613,0.10452093312438508
177.9559118236473,0.2201005028789728,0.018346693386773548,18.34669338677355,0.0988863842545505,3.6693386773547094e-07,366.9338677354709,0.10476256267347103
178.3567134268537,0.22060455468682597,0.018376753507014027,18.376753507014026,0.09948959064413564,3.6753507014028055e-07,367.53507014028054,0.10500352727994848
178.75751503006012,0.2211074397397026,0.01840681362725451,18.40681362725451,0.10009309579171076,3.6813627254509015e-07,368.13627254509015,0.10524382919985228
179.15831663326654,0.22160916207266537,0.01843687374749499,18.43687374749499,0.10069689044502245,3.687374749498998e-07,368.7374749498998,0.10548347068175119
179.55911823647295,0.22210972570232332,0.01846693386773547,18.46693386773547,0.10130096537850433,3.693386773547094e-07,369.33867735470943,0.10572245396675203
179.95991983967937,0.2226091346269346,0.01849699398797595,18.49699398797595,0.10190531139393624,3.69939879759519e-07,369.939879759519,0.10596078128850454
180.3607214428858,0.22310739282650885,0.018527054108216433,18.527054108216433,0.1025099193210945,3.7054108216432867e-07,370.54108216432866,0.10619845487320606
180.76152304609218,0.22360450426290893,0.018557114228456913,18.557114228456914,0.10311478001839099,3.7114228456913827e-07,371.14228456913827,0.10643547693960696
181.1623246492986,0.22410047287995177,0.018587174348697395,18.587174348697395,0.10371988437350325,3.717434869739479e-07,371.7434869739479,0.10667184969901634
181.56312625250501,0.2245953026035087,0.018617234468937875,18.617234468937873,0.1043252233039935,3.723446893787575e-07,372.3446893787575,0.10690757535530782
181.96392785571143,0.22508899734160542,0.018647294589178357,18.647294589178358,0.10493078775791803,3.7294589178356714e-07,372.94589178356716,0.10714265610492582
182.36472945891785,0.22558156098452098,0.018677354709418836,18.677354709418836,0.10553656871442527,3.7354709418837674e-07,373.5470941883767,0.10737709413689228
182.76553106212427,0.22607299740488626,0.01870741482965932,18.70741482965932,0.10614255718434447,3.7414829659318634e-07,374.14829659318633,0.10761089163281337
183.16633266533066,0.22656331045778177,0.018737474949899798,18.7374749498998,0.1067487442107625,3.74749498997996e-07,374.749498997996,0.10784405076688691
183.56713426853707,0.22705250398083557,0.01876753507014028,18.76753507014028,0.1073551208695914,3.753507014028056e-07,375.3507014028056,0.1080765737059097
183.9679358717435,0.22754058179431919,0.01879759519038076,18.79759519038076,0.10796167827012379,3.759519038076152e-07,375.9519038076152,0.1083084626092855
184.3687374749499,0.228027547701244,0.018827655310621243,18.827655310621243,0.10856840755557891,3.7655310621242486e-07,376.55310621242484,0.10853971962903308
184.76953907815633,0.228513405487457,0.018857715430861722,18.85771543086172,0.10917529990363654,3.7715430861723447e-07,377.15430861723445,0.10877034690979465
185.17034068136272,0.2289981589217355,0.018887775551102205,18.887775551102205,0.10978234652696149,3.7775551102204407e-07,377.75551102204406,0.1090003465888446
185.57114228456913,0.22948181175588114,0.018917835671342684,18.917835671342683,0.11038953867371586,3.7835671342685367e-07,378.3567134268537,0.10922972079609852
185.97194388777555,0.22996436772481407,0.018947895791583166,18.947895791583168,0.11099686762806178,3.7895791583166333e-07,378.95791583166334,0.10945847165412263
186.37274549098197,0.23044583054666615,0.018977955911823646,18.977955911823646,0.11160432471065215,3.7955911823647293e-07,379.55911823647295,0.10968660127814306
186.7735470941884,0.23092620392287289,0.019008016032064128,19.008016032064127,0.11221190127911151,3.8016032064128254e-07,380.1603206412825,0.10991411177605603
187.1743486973948,0.231405491538266,0.019038076152304607,19.03807615230461,0.11281958872850524,3.807615230460922e-07,380.7615230460922,0.11014100524843787
187.5751503006012,0.2318836970611647,0.01906813627254509,19.06813627254509,0.11342737849179875,3.813627254509018e-07,381.3627254509018,0.11036728378855529
187.9759519038076,0.23236082414346654,0.01909819639278557,19.09819639278557,0.11403526204030505,3.819639278557114e-07,381.9639278557114,0.11059294948237645
188.37675350701403,0.23283687642073744,0.019128256513026052,19.128256513026052,0.11464323088412237,3.8256513026052106e-07,382.5651302605211,0.11081800440858151
188.77755511022045,0.2333118575123017,0.01915831663326653,19.15831663326653,0.11525127657256015,3.8316633266533066e-07,383.1663326653307,0.11104245063857403
189.17835671342687,0.23378577102133113,0.019188376753507014,19.188376753507015,0.11585939069455549,3.8376753507014026e-07,383.76753507014024,0.11126629023649248
189.57915831663328,0.23425862053493335,0.019218436873747493,19.218436873747493,0.1164675648790774,3.8436873747494987e-07,384.36873747494985,0.11148952525922182
189.97995991983967,0.23473040962424002,0.019248496993987976,19.248496993987974,0.11707579079552215,3.849699398797595e-07,384.9699398797595,0.11171215775640563
190.3807615230461,0.23520114184449473,0.019278557114228455,19.278557114228455,0.11768406015409652,3.8557114228456913e-07,385.57114228456913,0.11193418977045808
190.7815631262525,0.23567082073513912,0.019308617234468937,19.308617234468937,0.11829236470619174,3.8617234468937873e-07,386.17234468937875,0.11215562333657669
191.18236472945893,0.23613944981989982,0.019338677354709417,19.338677354709418,0.11890069624474604,3.867735470941884e-07,386.77354709418836,0.11237646048275483
191.58316633266534,0.23660703260687427,0.0193687374749499,19.3687374749499,0.11950904660459756,3.87374749498998e-07,387.37474949899797,0.11259670322979462
191.98396793587176,0.2370735725886161,0.01939879759519038,19.398797595190377,0.12011740766282639,3.879759519038076e-07,387.9759519038076,0.11281635359132021
192.38476953907815,0.23753907324221946,0.01942885771543086,19.428857715430862,0.12072577133908673,3.885771543086172e-07,388.5771543086172,0.11303541357379104
192.78557114228457,0.2380035380294038,0.01945891783567134,19.45891783567134,0.12133412959592843,3.8917835671342685e-07,389.17835671342687,0.11325388517651555
193.18637274549098,0.2384669703965975,0.019488977955911823,19.488977955911825,0.12194247443910923,3.8977955911823646e-07,389.7795591182365,0.11347177039166484
193.5871743486974,0.23892937377502085,0.019519038076152302,19.519038076152302,0.12255079791789569,3.9038076152304606e-07,390.38076152304603,0.11368907120428677
193.98797595190382,0.23939075158076878,0.019549098196392785,19.549098196392784,0.12315909212535575,3.909819639278557e-07,390.9819639278557,0.1139057895923203
194.38877755511024,0.23985110721489325,0.019579158316633264,19.579158316633265,0.12376734919863974,3.915831663326653e-07,391.5831663326653,0.11412192752660971
194.78957915831663,0.24031044406348498,0.019609218436873747,19.609218436873746,0.12437556131925324,3.921843687374749e-07,392.1843687374749,0.1143374869709194
195.19038076152304,0.240768765497754,0.019639278557114226,19.639278557114224,0.12498372071331881,3.927855711422846e-07,392.7855711422846,0.11455246988194867
195.59118236472946,0.24122607487411085,0.01966933867735471,19.66933867735471,0.12559181965182928,3.933867735470942e-07,393.3867735470942,0.11476687820934674
195.99198396793588,0.24168237553424676,0.01969939879759519,19.69939879759519,0.1261998504508906,3.939879759519038e-07,393.98797595190376,0.11498071389572793
196.3927855711423,0.24213767080521295,0.01972945891783567,19.72945891783567,0.1268078054719558,3.945891783567134e-07,394.5891783567134,0.11519397887668717
196.79358717434872,0.24259196399949956,0.019759519038076153,19.759519038076153,0.12741567712204968,3.9519038076152305e-07,395.19038076152304,0.1154066750808155
197.1943887775551,0.24304525841511498,0.019789579158316632,19.78957915831663,0.12802345785398375,3.9579158316633265e-07,395.79158316633266,0.11561880442971569
197.59519038076152,0.24349755733566378,0.019819639278557115,19.819639278557116,0.12863114016656274,3.9639278557114225e-07,396.39278557114227,0.11583036883801842
197.99599198396794,0.24394886403042382,0.019849699398797594,19.849699398797593,0.12923871660478117,3.969939879759519e-07,396.99398797595194,0.11604137021339828
198.39679358717436,0.24439918175442418,0.019879759519038077,19.87975951903808,0.12984617976001223,3.975951903807615e-07,397.5951903807615,0.11625181045658992
198.79759519038078,0.24484851374852146,0.019909819639278556,19.909819639278556,0.13045352227018625,3.981963927855711e-07,398.1963927855711,0.11646169146140463
199.1983967935872,0.24529686323947608,0.01993987975951904,19.939879759519037,0.1310607368199621,3.987975951903808e-07,398.7975951903808,0.11667101511474683
199.59919839679358,0.24574423344002774,0.019969939879759518,19.96993987975952,0.13166781614088854,3.993987975951904e-07,399.3987975951904,0.11687978329663079
200.0,0.24619062754897153,0.02,20.0,0.132274753011558,4e-07,400.0,0.1170879978801976
